,BTCUSDT,ETHUSDT,SOLUSDT,XRPUSDT,LINKUSDT,DOGEUSDT
BTCUSDT,1.0,0.8609408198596689,0.8118364984347367,0.7721706946263199,0.7600387380589847,0.7465262094069913
ETHUSDT,0.8609408198596689,1.0,0.8490410175001938,0.7829487735882056,0.8289353009131037,0.786866106006937
SOLUSDT,0.8118364984347367,0.8490410175001938,1.0,0.8013153228486676,0.8037537595345431,0.8164906401357878
XRPUSDT,0.7721706946263199,0.7829487735882056,0.8013153228486676,1.0,0.7804311306188042,0.8201680380098821
LINKUSDT,0.7600387380589847,0.8289353009131037,0.8037537595345431,0.7804311306188042,1.0,0.8209049467357679
DOGEUSDT,0.7465262094069913,0.786866106006937,0.8164906401357878,0.8201680380098821,0.8209049467357679,1.0
