window,decision_time,signal_score,relative_strength,market_state,entry_price,stop_price,risk_per_unit,reward_risk,current_near_high,previous_near_high,fresh_zone,actual_cross,mfe_r,mae_r,mfe_class,reached_0_5r,reached_1r,reached_2r,stopped_before_horizon,stop_time,bars_before_stop_or_horizon,current_policy,current_12h_selected,fresh_12h_selected,adx14,ema50_slope_12h,adx_rank,slope_rank,hotness_rank,adx_regime,slope_regime,hotness_regime,current_fresh,current_stale,causal_history_count,causal_adx_rank,causal_slope_rank,causal_hotness_rank,v3jc_stale_hot_reject,v3jc_gate_keep,v3jc_12h_selected
2021,2021-01-06 03:00:00,95.0,100.0,STRONG_BULL,14.4399,14.063076319088768,0.3768236809112331,2.199999999999999,False,False,False,False,7.841333094710817,0.7117387085425214,RUNNER_>=2R,True,True,True,False,,144,True,True,False,18.30283159175761,2.7003834466191146,0.2452830188679245,0.9245283018867924,0.5849056603773585,LOW,HIGH,MID,False,True,0,1.0,1.0,1.0,True,False,False
2021,2021-02-02 13:00:00,95.0,66.66666666666666,STRONG_BULL,23.1242,22.81922367567937,0.3049763243206271,2.2,False,False,False,False,0.6987427646218362,0.8335073241054353,MIDDLE_0.5-2R,True,False,False,True,2021-02-02 15:45:00,10,True,True,False,33.415610522190654,1.0950684739441383,0.8867924528301887,0.3962264150943396,0.6415094339622642,HIGH,MID,MID,False,True,1,1.0,0.5,0.75,True,False,False
2021,2021-02-05 21:00:00,95.0,83.33333333333334,STRONG_BULL,26.345,25.481527698227,0.863472301773001,2.1999999999999984,False,False,False,False,0.5269422065603411,0.6572301147758062,MIDDLE_0.5-2R,True,False,False,True,2021-02-06 01:45:00,18,True,True,False,18.382331319071927,2.0570085012881822,0.2641509433962264,0.7169811320754716,0.490566037735849,LOW,HIGH,MID,False,True,2,0.6666666666666666,0.6666666666666666,0.6666666666666666,False,True,True
2021,2021-02-09 17:00:00,100.0,66.66666666666666,STRONG_BULL,25.7752,25.14810699093772,0.6270930090622855,2.199999999999997,False,False,False,False,4.570294930070472,0.0017541257582282,RUNNER_>=2R,True,True,True,True,2021-02-10 12:45:00,78,True,True,False,28.397397221950943,0.8339300891981871,0.7169811320754716,0.2452830188679245,0.4811320754716981,HIGH,LOW,MID,False,True,3,0.75,0.25,0.5,False,True,True
2021,2021-02-18 10:00:00,95.0,66.66666666666666,STRONG_BULL,32.6236,32.120903994492046,0.502696005507957,2.199999999999997,False,False,False,False,0.4143657353901473,0.3781609519811313,FALSE_<0.5R,False,False,False,True,2021-02-18 11:45:00,6,True,True,False,23.560997487727047,1.070165468393136,0.5471698113207547,0.3584905660377358,0.4528301886792453,MID,MID,MID,False,True,4,0.6,0.4,0.5,False,True,True
2021,2021-02-20 03:00:00,100.0,66.66666666666666,STRONG_BULL,34.636,33.662025883680975,0.9739741163190274,2.2,False,False,False,False,2.356017435732722,0.5898514040303527,RUNNER_>=2R,True,True,True,True,2021-02-20 22:45:00,78,True,True,False,17.188728799167528,2.1955577726606723,0.2075471698113207,0.7735849056603774,0.490566037735849,LOW,HIGH,MID,False,True,5,0.16666666666666666,0.8333333333333334,0.5,False,True,True
2021,2021-03-03 22:00:00,100.0,100.0,STRONG_BULL,30.3992,29.826034712638105,0.5731652873618955,2.199999999999999,False,False,False,False,0.2726962072657944,0.6964832113915969,FALSE_<0.5R,False,False,False,True,2021-03-04 00:00:00,7,True,True,False,33.62162609305018,3.064798501871113,0.9056603773584906,0.981132075471698,0.9433962264150944,HIGH,HIGH,HIGH,False,True,6,1.0,1.0,1.0,True,False,False
2021,2021-03-13 23:00:00,95.0,66.66666666666666,STRONG_BULL,29.8837,29.46372781462507,0.419972185374931,2.1999999999999966,False,False,False,False,0.7531451153547724,0.4897943415380262,MIDDLE_0.5-2R,True,False,False,True,2021-03-14 01:15:00,8,True,True,False,27.040040118785846,1.5609472178209405,0.6415094339622641,0.5849056603773585,0.6132075471698113,MID,MID,MID,False,True,7,0.625,0.5,0.5625,False,True,True
2021,2021-03-19 09:00:00,98.0,83.33333333333334,STRONG_BULL,30.1063,29.458231077414407,0.648068922585594,2.2,True,False,True,True,2.046387280397389,0.8273811338780591,RUNNER_>=2R,True,True,True,False,,144,True,True,True,12.576920233338264,0.3793352929644555,0.0754716981132075,0.1886792452830188,0.1320754716981132,LOW,LOW,LOW,True,False,8,0.1111111111111111,0.1111111111111111,0.1111111111111111,False,True,True
2021,2021-03-19 19:00:00,100.0,100.0,STRONG_BULL,30.3359,29.80455627823965,0.5313437217603436,2.199999999999999,False,False,False,False,0.0703875824035246,0.9669823486344744,FALSE_<0.5R,False,False,False,True,2021-03-20 00:00:00,19,True,False,False,14.1987703828726,0.8804221304794968,0.0943396226415094,0.2641509433962264,0.1792452830188679,LOW,LOW,LOW,False,False,9,0.2,0.3,0.25,False,True,False
2021,2021-03-30 04:00:00,95.0,66.66666666666666,STRONG_BULL,27.9786,27.709576862869827,0.2690231371301728,2.200000000000005,False,False,False,False,0.0,0.0,FALSE_<0.5R,False,False,False,True,2021-03-30 04:15:00,0,True,True,False,27.904872053619656,1.402585284283786,0.6792452830188679,0.5283018867924528,0.6037735849056604,HIGH,MID,MID,False,True,10,0.7272727272727273,0.5454545454545454,0.6363636363636364,False,True,True
2021,2021-03-31 19:00:00,100.0,66.66666666666666,STRONG_BULL,28.2682,27.51938991036685,0.7488100896331424,2.200000000000002,True,False,True,True,3.815119533711953,0.5184225017456541,RUNNER_>=2R,True,True,True,False,,144,True,True,True,31.73366938785675,-0.5527819063681494,0.8490566037735849,0.0188679245283018,0.4339622641509434,HIGH,LOW,MID,True,False,11,0.8333333333333334,0.08333333333333333,0.45833333333333337,False,True,True
2021,2021-04-01 19:00:00,100.0,83.33333333333334,STRONG_BULL,30.269,29.54097630918053,0.7280236908194695,2.199999999999999,False,False,False,False,0.5887171055073321,0.5343232712140696,MIDDLE_0.5-2R,True,False,False,True,2021-04-02 00:30:00,21,True,True,False,34.803128661647975,2.773796056253919,0.9245283018867924,0.9433962264150944,0.9339622641509434,HIGH,HIGH,HIGH,False,True,12,1.0,0.9230769230769231,0.9615384615384616,True,False,False
2021,2021-04-03 10:00:00,100.0,83.33333333333334,STRONG_BULL,32.6424,31.7124845828408,0.929915417159208,2.200000000000001,False,False,False,False,0.0848464263997561,0.7945883962836765,FALSE_<0.5R,False,False,False,True,2021-04-03 15:00:00,19,True,True,False,26.94052150681629,3.0035504360738097,0.6226415094339622,0.9622641509433962,0.7924528301886793,MID,HIGH,HIGH,False,True,13,0.5,0.9285714285714286,0.7142857142857143,True,False,False
2021,2021-04-11 15:00:00,95.0,66.66666666666666,BULL,32.5813,32.127970741968646,0.4533292580313528,2.199999999999993,False,False,False,False,4.099448617259718,0.7744922565216666,RUNNER_>=2R,True,True,True,True,2021-04-12 15:15:00,96,True,True,False,16.603233783458723,0.4095142418679032,0.1886792452830188,0.2075471698113207,0.1981132075471698,LOW,LOW,LOW,False,True,14,0.2,0.2,0.2,False,True,True
2021,2021-04-12 07:00:00,95.0,66.66666666666666,STRONG_BULL,33.8211,33.05954261815989,0.7615573818401131,2.199999999999996,False,False,False,False,0.073664836475551,0.8286965828827082,FALSE_<0.5R,False,False,False,True,2021-04-12 09:45:00,10,True,True,False,32.297794788992924,1.395291484192307,0.8679245283018868,0.490566037735849,0.679245283018868,HIGH,MID,HIGH,False,True,15,0.8125,0.5,0.65625,False,True,True
2021,2021-04-27 15:00:00,100.0,66.66666666666666,BULL,36.341,35.485049610384195,0.8559503896158063,2.200000000000004,False,False,False,False,1.7138843767084009,0.7126581252843383,MIDDLE_0.5-2R,True,True,False,True,2021-04-28 06:15:00,60,True,True,False,21.965500414278598,2.414329940023152,0.4716981132075472,0.8679245283018868,0.6698113207547169,MID,HIGH,HIGH,False,True,16,0.4117647058823529,0.7647058823529411,0.588235294117647,False,True,True
2021,2021-04-28 00:00:00,95.0,83.33333333333334,BULL,36.788,36.08010466866951,0.7078953313304908,2.199999999999998,False,False,False,False,1.440890983251593,0.9210401187059089,MIDDLE_0.5-2R,True,True,False,True,2021-04-28 05:30:00,21,True,False,False,24.72600161928612,2.3774747303404897,0.6037735849056604,0.8113207547169812,0.7075471698113207,MID,HIGH,HIGH,False,False,17,0.5,0.7222222222222222,0.6111111111111112,False,True,False
2021,2021-04-28 05:00:00,95.0,83.33333333333334,BULL,36.539,35.87934334419695,0.6596566558030545,2.199999999999996,False,False,False,False,0.2940923862335979,0.7306831451783365,FALSE_<0.5R,False,False,False,True,2021-04-28 05:45:00,2,True,True,False,24.556932253789647,2.1430932821967508,0.5849056603773585,0.7547169811320755,0.6698113207547169,MID,HIGH,HIGH,False,True,18,0.47368421052631576,0.631578947368421,0.5526315789473684,False,True,True
2021,2021-04-29 10:00:00,98.0,66.66666666666666,BULL,36.348,35.61482441101746,0.7331755889825402,2.199999999999998,True,False,True,True,1.5030505878261675,0.3382545787485341,MIDDLE_0.5-2R,True,True,False,True,2021-04-29 17:00:00,27,True,True,True,14.515776276609266,0.0468432114611339,0.1132075471698113,0.0754716981132075,0.0943396226415094,LOW,LOW,LOW,True,False,19,0.15,0.1,0.125,False,True,True
2021,2021-05-07 15:00:00,95.0,100.0,BULL,48.189,46.85256031134707,1.3364396886529306,2.2,False,False,False,False,2.8284104640816725,0.6943822514994136,RUNNER_>=2R,True,True,True,True,2021-05-08 16:00:00,99,True,True,False,8.12668085665647,0.2239297649188953,0.0188679245283018,0.1320754716981132,0.0754716981132075,LOW,LOW,LOW,False,True,20,0.047619047619047616,0.14285714285714285,0.09523809523809523,False,True,True
2021,2021-05-09 09:00:00,100.0,66.66666666666666,BULL,48.29,47.44711789104309,0.842882108956907,2.1999999999999966,False,False,False,False,5.587970073096905,0.9420059953373512,RUNNER_>=2R,True,True,True,True,2021-05-10 19:45:00,138,True,True,False,16.347531299199083,-0.029001688194219,0.1698113207547169,0.0566037735849056,0.1132075471698113,LOW,LOW,LOW,False,True,21,0.22727272727272727,0.09090909090909091,0.1590909090909091,False,True,True
2021,2021-05-09 10:00:00,98.0,66.66666666666666,BULL,49.0,47.80056392998617,1.1994360700138316,2.199999999999997,True,False,True,True,0.5460899637547567,0.6094530740530189,MIDDLE_0.5-2R,True,False,False,True,2021-05-09 12:15:00,8,True,False,True,15.888598868886811,0.0516082663837291,0.1509433962264151,0.0943396226415094,0.1226415094339622,LOW,LOW,LOW,False,False,22,0.21739130434782608,0.17391304347826086,0.19565217391304346,False,True,False
2021,2021-05-09 14:00:00,100.0,83.33333333333334,BULL,48.783,47.88054584737584,0.9024541526241592,2.2,False,False,False,False,4.672813558160038,0.9263628490921948,RUNNER_>=2R,True,True,True,True,2021-05-10 19:45:00,118,True,False,False,14.531906343813567,0.1536559017356387,0.1320754716981132,0.1132075471698113,0.1226415094339622,LOW,LOW,LOW,False,False,23,0.20833333333333334,0.20833333333333334,0.20833333333333334,False,True,False
2021,2021-05-12 09:00:00,95.0,66.66666666666666,STRONG_BULL,48.541,47.66470927246696,0.8762907275330392,2.200000000000004,False,False,False,False,0.1882936733388922,0.2624699688966241,FALSE_<0.5R,False,False,False,True,2021-05-12 10:15:00,4,True,True,False,18.409106788340612,0.6633317200856581,0.2830188679245283,0.2264150943396226,0.2547169811320754,LOW,LOW,LOW,False,True,24,0.48,0.36,0.42,False,True,True
2021,2021-06-03 17:00:00,100.0,83.33333333333334,BULL,32.272,31.196544051361684,1.0754559486383144,2.200000000000003,False,False,False,False,0.2110732664479835,0.9261188254721928,FALSE_<0.5R,False,False,False,True,2021-06-04 01:15:00,32,True,True,False,20.140031090486573,1.9167193514092016,0.3962264150943396,0.6981132075471698,0.5471698113207547,MID,HIGH,MID,False,True,25,0.5,0.6538461538461539,0.5769230769230769,False,True,True
2021,2021-06-03 21:00:00,95.0,83.33333333333334,BULL,32.115,31.356039430400568,0.7589605695994344,2.200000000000003,False,False,False,False,0.3755135792501242,0.5744698966773945,FALSE_<0.5R,False,False,False,True,2021-06-04 00:45:00,14,True,False,False,19.683210773385245,1.7437546947465243,0.3584905660377358,0.6415094339622641,0.5,MID,MID,MID,False,False,26,0.48148148148148145,0.6296296296296297,0.5555555555555556,False,True,False
2021,2021-07-23 23:00:00,100.0,66.66666666666666,BULL,16.143,15.599671306519014,0.5433286934809871,2.199999999999997,True,False,True,True,1.8202609430834509,0.1435595081501597,MIDDLE_0.5-2R,True,True,False,False,,144,True,True,True,22.10629215753973,0.2904939412581075,0.5094339622641509,0.1509433962264151,0.330188679245283,MID,LOW,LOW,True,False,27,0.5714285714285714,0.25,0.4107142857142857,False,True,True
2021,2021-08-09 22:00:00,100.0,83.33333333333334,STRONG_BULL,23.906,23.50849373274676,0.3975062672532381,2.2,False,False,False,False,5.748337040795138,0.4276662131007277,RUNNER_>=2R,True,True,True,False,,144,True,True,False,23.95016655625312,1.0748206731046483,0.5660377358490566,0.3773584905660377,0.4716981132075472,MID,MID,MID,False,True,28,0.6206896551724138,0.4827586206896552,0.5517241379310345,False,True,True
2021,2021-08-10 02:00:00,100.0,83.33333333333334,STRONG_BULL,24.173,23.71948885113786,0.4535111488621375,2.200000000000004,False,False,False,False,5.241326494318632,0.9635926285305962,RUNNER_>=2R,True,True,True,False,,144,True,False,False,18.9764076248271,1.0132651243670576,0.320754716981132,0.320754716981132,0.320754716981132,LOW,LOW,LOW,False,False,29,0.43333333333333335,0.43333333333333335,0.43333333333333335,False,True,False
2021,2021-08-14 16:00:00,100.0,66.66666666666666,STRONG_BULL,27.385,26.72787310142009,0.6571268985799108,2.199999999999999,False,False,False,False,0.0623928195430748,0.9419793974918668,FALSE_<0.5R,False,False,False,True,2021-08-14 20:30:00,17,True,True,False,22.00366217666332,1.481610206949746,0.490566037735849,0.5471698113207547,0.5188679245283019,MID,MID,MID,False,True,30,0.5483870967741935,0.6129032258064516,0.5806451612903225,False,True,True
2021,2021-08-14 19:00:00,95.0,66.66666666666666,STRONG_BULL,27.068,26.641386516616542,0.4266134833834556,2.2,False,False,False,False,0.5438177859734202,0.5953867139536632,MIDDLE_0.5-2R,True,False,False,True,2021-08-14 20:30:00,5,True,False,False,19.235126178652603,1.1294007451444266,0.3396226415094339,0.4150943396226415,0.3773584905660377,MID,MID,MID,False,False,31,0.4375,0.53125,0.484375,False,True,False
2021,2021-08-14 20:00:00,100.0,66.66666666666666,STRONG_BULL,27.217,26.764806321557053,0.4521936784429456,2.200000000000001,False,False,False,False,0.0,0.8801538344597098,FALSE_<0.5R,False,False,False,True,2021-08-14 20:30:00,1,True,False,False,18.497630316473543,1.010192010522748,0.3018867924528302,0.3018867924528302,0.3018867924528302,LOW,LOW,LOW,False,False,32,0.3939393939393939,0.3939393939393939,0.3939393939393939,False,True,False
2021,2021-08-21 02:00:00,95.0,83.33333333333334,STRONG_BULL,28.483,27.864666565634224,0.6183334343657769,2.199999999999997,False,False,False,False,1.0884095256635973,0.8134769560308929,MIDDLE_0.5-2R,True,True,False,True,2021-08-21 19:30:00,69,True,True,False,31.615269559818834,2.3856302139019903,0.8301886792452831,0.8490566037735849,0.839622641509434,HIGH,HIGH,HIGH,False,True,33,0.8529411764705882,0.8529411764705882,0.8529411764705882,True,False,False
2021,2021-08-21 04:00:00,100.0,83.33333333333334,STRONG_BULL,28.796,27.86434821220502,0.93165178779498,2.200000000000001,True,False,True,False,0.3864104644204486,0.8758637193530171,FALSE_<0.5R,False,False,False,True,2021-08-21 19:30:00,61,True,False,True,30.154332597483457,2.228139525934192,0.8113207547169812,0.7924528301886793,0.8018867924528302,HIGH,HIGH,HIGH,False,False,34,0.8285714285714286,0.8,0.8142857142857143,False,True,True
2021,2021-09-06 13:00:00,100.0,100.0,STRONG_BULL,33.96,33.380091025486124,0.5799089745138772,2.199999999999996,False,False,False,False,4.086848288538227,0.6207870818032747,RUNNER_>=2R,True,True,True,True,2021-09-07 08:30:00,77,True,True,False,41.50962234637473,3.551351942156744,0.9622641509433962,1.0,0.981132075471698,HIGH,HIGH,HIGH,False,True,35,1.0,1.0,1.0,True,False,False
2021,2021-09-07 05:00:00,95.0,83.33333333333334,STRONG_BULL,34.87,34.21490872085714,0.6550912791428587,2.2,False,False,False,False,0.7174572688785725,0.6869271723305329,MIDDLE_0.5-2R,True,False,False,True,2021-09-07 07:15:00,8,True,True,False,22.175036441976307,2.634742561811243,0.5283018867924528,0.9056603773584906,0.7169811320754718,MID,HIGH,HIGH,False,True,36,0.5675675675675675,0.8648648648648649,0.7162162162162162,True,False,False
2021,2021-09-07 06:00:00,95.0,66.66666666666666,STRONG_BULL,35.09,34.259114647265214,0.8308853527347893,2.2,False,False,False,False,0.3008838694497935,0.8063687701254488,FALSE_<0.5R,False,False,False,True,2021-09-07 07:15:00,4,True,False,False,20.72089581923329,2.493560350980606,0.4528301886792453,0.8867924528301887,0.6698113207547169,MID,HIGH,HIGH,False,False,37,0.47368421052631576,0.8421052631578947,0.6578947368421052,False,True,True
2021,2021-10-02 12:00:00,100.0,66.66666666666666,STRONG_BULL,26.26,25.780858724320915,0.4791412756790869,2.2,False,False,False,False,3.965427518860964,0.1252240269114037,RUNNER_>=2R,True,True,True,False,,144,True,True,False,42.418713361700846,2.09346768967702,0.981132075471698,0.7358490566037735,0.8584905660377358,HIGH,HIGH,HIGH,False,True,38,1.0,0.6666666666666666,0.8333333333333333,True,False,False
2021,2021-10-08 08:00:00,98.0,66.66666666666666,STRONG_BULL,27.02,26.65313526890553,0.3668647310944735,2.200000000000004,True,False,True,False,1.1993521391040838,0.8995141043280557,MIDDLE_0.5-2R,True,True,False,True,2021-10-08 12:30:00,17,True,True,True,11.430013895586107,-0.0397617841013997,0.0377358490566037,0.0377358490566037,0.0377358490566037,LOW,LOW,LOW,True,False,39,0.05,0.05,0.05,False,True,True
2021,2021-10-16 09:00:00,100.0,83.33333333333334,STRONG_BULL,27.68,26.84218485137694,0.8378151486230614,2.2,True,False,True,True,1.2174523242702842,0.9787361822565036,MIDDLE_0.5-2R,True,True,False,True,2021-10-17 15:15:00,120,True,True,True,27.37110508986403,1.040516497317978,0.660377358490566,0.3396226415094339,0.5,MID,MID,MID,True,False,40,0.7317073170731707,0.3902439024390244,0.5609756097560976,False,True,True
2021,2021-10-16 14:00:00,100.0,100.0,STRONG_BULL,27.95,27.070305578204263,0.8796944217957368,2.2000000000000006,False,False,False,False,0.8525687800418364,0.920774282445182,MIDDLE_0.5-2R,True,False,False,True,2021-10-17 00:15:00,40,True,False,False,29.60328855801565,1.396478426940706,0.7924528301886793,0.5094339622641509,0.6509433962264151,HIGH,MID,MID,False,False,41,0.7857142857142857,0.5238095238095238,0.6547619047619048,False,True,False
2021,2021-10-26 03:00:00,95.0,100.0,STRONG_BULL,32.18,31.77548682779291,0.4045131722070891,2.199999999999993,False,False,False,False,0.1730475168906589,0.8405165106117681,FALSE_<0.5R,False,False,False,True,2021-10-26 04:45:00,6,True,True,False,38.02515347770491,2.3849478576203342,0.9433962264150944,0.8301886792452831,0.8867924528301887,HIGH,HIGH,HIGH,False,True,42,0.9534883720930233,0.7906976744186046,0.872093023255814,True,False,False
2021,2021-10-26 09:00:00,100.0,83.33333333333334,STRONG_BULL,32.04,31.6626807354138,0.3773192645862018,2.1999999999999944,False,False,False,False,0.9540991775090094,0.7420771380625576,MIDDLE_0.5-2R,True,False,False,True,2021-10-26 14:15:00,20,True,False,False,29.12535403303551,1.5746299271349071,0.7735849056603774,0.6037735849056604,0.6886792452830188,HIGH,MID,HIGH,False,False,43,0.75,0.5909090909090909,0.6704545454545454,True,False,False
2021,2021-10-26 10:00:00,99.0,66.66666666666666,STRONG_BULL,32.25,31.69337606502246,0.5566239349775408,2.200000000000004,True,False,True,True,0.2694817642113268,0.8803070964236732,FALSE_<0.5R,False,False,False,True,2021-10-26 14:15:00,16,True,False,True,28.49794418973376,1.5062459275809514,0.7358490566037735,0.5660377358490566,0.6509433962264151,HIGH,MID,MID,False,False,44,0.7333333333333333,0.5555555555555556,0.6444444444444444,False,True,True
2021,2021-10-26 19:00:00,100.0,66.66666666666666,STRONG_BULL,32.69,31.70961869240817,0.9803813075918236,2.2,True,False,True,True,1.2444137710017815,0.9894109490751868,MIDDLE_0.5-2R,True,True,False,True,2021-10-27 08:00:00,51,True,True,False,20.25937920537796,0.9483600914396152,0.4150943396226415,0.2830188679245283,0.3490566037735849,MID,LOW,MID,True,False,45,0.41304347826086957,0.30434782608695654,0.3586956521739131,False,True,False
2021,2021-11-02 04:00:00,95.0,100.0,BULL,31.19,30.78908410954936,0.4009158904506407,2.1999999999999984,False,False,False,False,3.96591913134896,0.9727726171233314,RUNNER_>=2R,True,True,True,True,2021-11-03 13:45:00,134,True,True,False,19.98742951518254,1.38357053320477,0.3773584905660377,0.4716981132075472,0.4245283018867924,MID,MID,MID,False,True,46,0.3829787234042553,0.46808510638297873,0.425531914893617,False,True,True
2021,2021-11-02 10:00:00,100.0,100.0,STRONG_BULL,31.73,30.9146506473744,0.8153493526255993,2.1999999999999966,True,False,True,True,1.287791541894007,0.7358808810822908,MIDDLE_0.5-2R,True,True,False,True,2021-11-03 13:00:00,107,True,False,True,20.313665474521507,1.1702483440428455,0.4339622641509434,0.4339622641509434,0.4339622641509434,MID,MID,MID,False,False,47,0.4375,0.4583333333333333,0.44791666666666663,False,True,False
2021,2021-11-07 10:00:00,100.0,66.66666666666666,STRONG_BULL,32.44,31.912206278307387,0.5277937216926105,2.200000000000003,True,False,True,True,0.2842019407107808,0.8147122300375405,FALSE_<0.5R,False,False,False,True,2021-11-07 18:15:00,32,True,True,True,17.21092264226911,0.3133021743006559,0.2264150943396226,0.1698113207547169,0.1981132075471698,LOW,LOW,LOW,True,False,48,0.22448979591836735,0.1836734693877551,0.20408163265306123,False,True,True
2021,2021-11-09 04:00:00,95.0,66.66666666666666,STRONG_BULL,34.37,33.88520162787417,0.4847983721258302,2.199999999999997,False,False,False,False,2.578391496074497,0.6600682229950717,RUNNER_>=2R,True,True,True,True,2021-11-09 15:15:00,44,True,True,False,48.097472102564566,1.7085825632538132,1.0,0.6226415094339622,0.8113207547169812,HIGH,MID,HIGH,False,True,49,1.0,0.64,0.8200000000000001,True,False,False
2021,2021-12-01 10:00:00,98.0,83.33333333333334,BULL,26.38,25.628941908519568,0.7510580914804308,2.200000000000001,True,False,True,True,0.6923565645568289,0.852131156377637,MIDDLE_0.5-2R,True,False,False,True,2021-12-01 20:30:00,41,True,True,True,12.260496347543636,1.2002739529123785,0.0566037735849056,0.4528301886792453,0.2547169811320754,LOW,MID,LOW,True,False,50,0.058823529411764705,0.47058823529411764,0.2647058823529412,False,True,True
2021,2021-12-24 21:00:00,100.0,83.33333333333334,BULL,22.23,21.77711686934287,0.4528831306571312,2.2,False,False,False,False,0.0662422553837924,0.7728263128108859,FALSE_<0.5R,False,False,False,True,2021-12-24 22:15:00,4,True,True,False,28.614437310855163,1.9130773619832508,0.7547169811320755,0.6792452830188679,0.7169811320754718,HIGH,HIGH,HIGH,False,True,51,0.75,0.6730769230769231,0.7115384615384616,True,False,False
2021,2021-12-27 10:00:00,100.0,100.0,BULL,23.25,22.85172403333522,0.3982759666647801,2.200000000000004,False,False,False,False,3.113419095769036,0.7532465554279952,RUNNER_>=2R,True,True,True,True,2021-12-28 00:15:00,56,True,True,False,28.354970336024145,1.7883494300690028,0.6981132075471698,0.660377358490566,0.6792452830188679,HIGH,MID,HIGH,False,True,52,0.6981132075471698,0.660377358490566,0.6792452830188679,True,False,False
2022,2022-02-06 01:00:00,95.0,83.33333333333334,BULL,17.86,17.60856928291369,0.2514307170863077,2.1999999999999944,False,False,False,False,1.2329440236754752,0.8352201450704805,MIDDLE_0.5-2R,True,True,False,True,2022-02-06 14:45:00,54,True,True,False,32.18496252626095,1.6817529740914994,0.7111111111111111,0.6444444444444445,0.6777777777777778,HIGH,MID,HIGH,False,True,53,0.8518518518518519,0.6111111111111112,0.7314814814814815,True,False,False
2022,2022-02-16 05:00:00,100.0,100.0,STRONG_BULL,17.02,16.73178594205157,0.28821405794843,2.200000000000005,False,False,False,False,1.0755894497535816,0.9021072804384844,MIDDLE_0.5-2R,True,True,False,True,2022-02-16 14:00:00,35,True,True,False,41.578641857776965,1.7649760725282349,0.9111111111111112,0.6666666666666666,0.7888888888888889,HIGH,MID,HIGH,False,True,54,0.9636363636363636,0.6545454545454545,0.8090909090909091,True,False,False
2022,2022-02-16 20:00:00,100.0,100.0,STRONG_BULL,17.26,16.752862456920603,0.5071375430793985,2.200000000000003,True,False,True,True,0.374651813088606,0.374651813088613,FALSE_<0.5R,False,False,False,True,2022-02-17 04:15:00,32,True,True,True,28.942630041734887,0.6369084012180171,0.5555555555555556,0.2,0.3777777777777777,MID,LOW,MID,True,False,55,0.7321428571428571,0.21428571428571427,0.4732142857142857,False,True,True
2022,2022-03-01 11:00:00,100.0,66.66666666666666,BULL,15.11,14.809291113604228,0.3007088863957712,2.200000000000001,False,False,False,False,2.5273612932068223,0.7648593387336394,RUNNER_>=2R,True,True,True,False,,144,True,True,False,34.942903455096975,2.430244562247741,0.8222222222222222,0.8666666666666667,0.8444444444444444,HIGH,HIGH,HIGH,False,True,56,0.9122807017543859,0.8771929824561403,0.894736842105263,True,False,False
2022,2022-03-01 23:00:00,95.0,66.66666666666666,STRONG_BULL,15.28,14.984474002910275,0.2955259970897224,2.199999999999999,False,False,False,False,0.4398936177534746,0.7105973825248362,FALSE_<0.5R,False,False,False,True,2022-03-02 00:45:00,6,True,True,False,30.578746768027752,1.9257234580994265,0.6,0.7555555555555555,0.6777777777777778,MID,HIGH,HIGH,False,True,57,0.7758620689655172,0.7068965517241379,0.7413793103448276,True,False,False
2022,2022-03-02 15:00:00,100.0,66.66666666666666,BULL,15.64,15.190857462105727,0.4491425378942733,2.2,False,False,False,False,0.3117050561640508,0.9128505216233,FALSE_<0.5R,False,False,False,True,2022-03-02 19:30:00,17,True,True,False,18.07029050189948,1.63866791635654,0.1777777777777777,0.5555555555555556,0.3666666666666667,LOW,MID,MID,False,True,58,0.22033898305084745,0.576271186440678,0.3983050847457627,False,True,True
2022,2022-03-10 00:00:00,95.0,83.33333333333334,BULL,14.01,13.757234545358562,0.2527654546414375,2.200000000000001,False,False,False,False,0.3956236826027332,0.949496838246564,FALSE_<0.5R,False,False,False,True,2022-03-10 02:00:00,7,True,True,False,38.44626301122388,1.6707110760391997,0.8888888888888888,0.6222222222222222,0.7555555555555555,HIGH,MID,HIGH,False,True,59,0.9333333333333333,0.5833333333333334,0.7583333333333333,True,False,False
2022,2022-03-18 09:00:00,100.0,83.33333333333334,BULL,14.58,14.306228020108945,0.2737719798910554,2.2,True,False,True,True,2.9951933003746785,0.328740728089903,RUNNER_>=2R,True,True,True,False,,144,True,True,True,19.54465823166257,0.3214237295268596,0.2666666666666666,0.1111111111111111,0.1888888888888888,LOW,LOW,LOW,True,False,60,0.32786885245901637,0.16393442622950818,0.2459016393442623,False,True,True
2022,2022-03-21 22:00:00,95.0,83.33333333333334,BULL,14.97,14.794803074965216,0.1751969250347844,2.200000000000002,False,False,False,False,5.079997835711408,0.3424717642052667,RUNNER_>=2R,True,True,True,False,,144,True,True,False,18.147256518220303,0.4908222677321383,0.2,0.1555555555555555,0.1777777777777777,LOW,LOW,LOW,False,True,61,0.22580645161290322,0.20967741935483872,0.21774193548387097,False,True,True
2022,2022-03-23 15:00:00,100.0,83.33333333333334,BULL,15.68,15.31308618073786,0.366913819262141,2.200000000000002,True,True,False,True,2.071331086761332,0.4088153460713156,RUNNER_>=2R,True,True,True,False,,144,True,True,False,15.812683993617682,0.2501294691853672,0.1111111111111111,0.0888888888888888,0.1,LOW,LOW,LOW,False,True,62,0.12698412698412698,0.12698412698412698,0.12698412698412698,False,True,True
2022,2022-03-27 00:00:00,100.0,66.66666666666666,STRONG_BULL,15.83,15.703743304092011,0.1262566959079887,2.200000000000012,True,False,True,False,2.69292648247172,0.3168148802907963,RUNNER_>=2R,True,True,True,True,2022-03-27 13:00:00,51,True,True,True,14.18820283311679,-0.2793373236510854,0.0666666666666666,0.0222222222222222,0.0444444444444444,LOW,LOW,LOW,True,False,63,0.078125,0.03125,0.0546875,False,True,True
2022,2022-03-30 04:00:00,100.0,100.0,STRONG_BULL,17.35,16.804234247003865,0.5457657529961359,2.199999999999999,True,False,True,True,1.282601548662866,0.8794982047973957,MIDDLE_0.5-2R,True,True,False,False,,144,True,True,True,18.532790845378013,0.1686588342380002,0.2444444444444444,0.0666666666666666,0.1555555555555555,LOW,LOW,LOW,True,False,64,0.3230769230769231,0.12307692307692308,0.2230769230769231,False,True,True
2022,2022-03-31 01:00:00,100.0,83.33333333333334,STRONG_BULL,17.35,17.046171045620767,0.3038289543792345,2.2000000000000046,False,False,False,False,2.3039278841287465,0.954484409139062,RUNNER_>=2R,True,True,True,True,2022-03-31 16:15:00,60,True,True,False,9.24766131550216,0.4957490178314705,0.0222222222222222,0.1777777777777777,0.1,LOW,LOW,LOW,False,True,65,0.030303030303030304,0.25757575757575757,0.14393939393939392,False,True,True
2022,2022-04-03 05:00:00,99.0,100.0,BULL,17.68,17.301791715405653,0.3782082845943471,2.199999999999998,True,False,True,False,1.6921892673145489,0.9782969201662254,MIDDLE_0.5-2R,True,True,False,True,2022-04-04 11:15:00,120,True,True,True,17.20772470828312,0.3876341444475351,0.1333333333333333,0.1333333333333333,0.1333333333333333,LOW,LOW,LOW,True,False,66,0.22388059701492538,0.22388059701492538,0.22388059701492538,False,True,True
2022,2022-05-05 13:00:00,95.0,100.0,BULL,11.99,11.81996215000718,0.1700378499928216,2.200000000000002,False,False,False,False,0.0,0.7645356607689927,FALSE_<0.5R,False,False,False,True,2022-05-05 14:00:00,3,True,True,False,32.88005642238221,1.85750171161716,0.7777777777777778,0.7333333333333333,0.7555555555555555,HIGH,HIGH,HIGH,False,True,67,0.8529411764705882,0.7058823529411765,0.7794117647058824,True,False,False
2022,2022-05-31 11:00:00,95.0,66.66666666666666,BULL,7.41,7.30927597636708,0.1007240236329201,2.200000000000002,False,False,False,False,0.8935306270924699,0.6949682655163694,MIDDLE_0.5-2R,True,False,False,True,2022-05-31 13:45:00,10,True,True,False,44.756451382282464,2.8806021853027275,0.9333333333333332,0.9777777777777776,0.9555555555555556,HIGH,HIGH,HIGH,False,True,68,0.9855072463768116,0.9565217391304348,0.9710144927536233,True,False,False
2022,2022-05-31 21:00:00,95.0,83.33333333333334,BULL,7.53,7.322581992184356,0.2074180078156446,2.1999999999999984,False,False,False,False,1.1570837196224248,0.867812789716824,MIDDLE_0.5-2R,True,True,False,True,2022-06-01 14:45:00,70,True,False,False,32.394522401394845,1.6485226249645768,0.7555555555555555,0.5777777777777777,0.6666666666666666,HIGH,MID,MID,False,False,69,0.8285714285714286,0.6,0.7142857142857143,True,False,False
2022,2022-06-01 13:00:00,100.0,100.0,BULL,7.58,7.439867174509164,0.140132825490836,2.199999999999999,False,False,False,False,0.5708869404423138,0.713608675552889,MIDDLE_0.5-2R,True,False,False,True,2022-06-01 14:30:00,5,True,True,False,18.329815984744123,1.3382787544113262,0.2222222222222222,0.4222222222222222,0.3222222222222222,LOW,MID,LOW,False,True,70,0.28169014084507044,0.4647887323943662,0.3732394366197183,False,True,True
2022,2022-06-06 16:00:00,100.0,66.66666666666666,BULL,7.9,7.771146327532496,0.1288536724675042,2.199999999999996,False,False,False,False,0.07760741163603,0.9312889396323808,FALSE_<0.5R,False,False,False,True,2022-06-06 17:30:00,5,True,True,False,45.05248466447163,3.0166568456534204,0.9555555555555556,1.0,0.977777777777778,HIGH,HIGH,HIGH,False,True,71,0.9861111111111112,0.9722222222222222,0.9791666666666667,True,False,False
2022,2022-06-07 00:00:00,99.0,66.66666666666666,BULL,7.97,7.774437924039311,0.195562075960689,2.2000000000000046,True,False,True,False,0.0511346586544255,0.4090772692353771,FALSE_<0.5R,False,False,False,True,2022-06-07 00:30:00,1,True,False,True,28.62212742641755,1.5942365414441717,0.5111111111111111,0.5333333333333333,0.5222222222222221,MID,MID,MID,False,False,72,0.684931506849315,0.5753424657534246,0.6301369863013698,False,True,True
2022,2022-07-09 17:00:00,95.0,83.33333333333334,BULL,6.48,6.411742832351287,0.0682571676487135,2.200000000000005,False,False,False,False,1.6115523656960962,0.7325238025891488,MIDDLE_0.5-2R,True,True,False,True,2022-07-10 01:00:00,31,True,True,False,14.57528142643068,-0.0040067165382517,0.0888888888888888,0.0444444444444444,0.0666666666666666,LOW,LOW,LOW,False,True,73,0.13513513513513514,0.06756756756756757,0.10135135135135136,False,True,True
2022,2022-07-17 12:00:00,95.0,66.66666666666666,BULL,6.535,6.458159240755209,0.0768407592447912,2.199999999999996,False,False,False,False,0.1952088988633525,0.8198773752260944,FALSE_<0.5R,False,False,False,True,2022-07-17 13:00:00,3,True,True,False,31.680547303062795,1.4545003032603754,0.6888888888888889,0.4666666666666667,0.5777777777777777,HIGH,MID,MID,False,True,74,0.7733333333333333,0.52,0.6466666666666667,False,True,True
2022,2022-07-19 03:00:00,95.0,66.66666666666666,STRONG_BULL,6.877,6.752703523559736,0.1242964764402643,2.2,False,False,False,False,0.699939390814606,0.6194865872726925,MIDDLE_0.5-2R,True,False,False,True,2022-07-19 04:15:00,4,True,True,False,31.35398211430382,1.844494556074383,0.6666666666666666,0.7111111111111111,0.6888888888888889,MID,HIGH,HIGH,False,True,75,0.75,0.6973684210526315,0.7236842105263157,True,False,False
2022,2022-07-19 09:00:00,95.0,66.66666666666666,BULL,6.913,6.768492325625477,0.1445076743745232,2.2,False,False,False,False,4.622591865043319,0.5674439115771727,RUNNER_>=2R,True,True,True,False,,144,True,False,False,27.54474468558347,1.373671851644653,0.4888888888888889,0.4444444444444444,0.4666666666666667,MID,MID,MID,False,False,76,0.5974025974025974,0.45454545454545453,0.525974025974026,False,True,True
2022,2022-07-20 10:00:00,95.0,66.66666666666666,STRONG_BULL,7.379,7.230541115066444,0.1484588849335555,2.2,False,False,False,False,0.7880969876095026,0.9834372665896276,MIDDLE_0.5-2R,True,False,False,True,2022-07-20 14:15:00,16,True,True,False,36.20570689986241,2.5466067745571364,0.8444444444444444,0.9111111111111112,0.8777777777777778,HIGH,HIGH,HIGH,False,True,77,0.8974358974358975,0.8974358974358975,0.8974358974358975,True,False,False
2022,2022-07-22 15:00:00,100.0,83.33333333333334,STRONG_BULL,7.146,7.011644532782864,0.1343554672171363,2.199999999999999,False,False,False,False,0.0744294237303976,0.3423753491598383,FALSE_<0.5R,False,False,False,True,2022-07-22 15:30:00,1,True,True,False,21.560979801332063,0.7557953750576774,0.3111111111111111,0.2888888888888888,0.3,LOW,LOW,LOW,False,True,78,0.4430379746835443,0.27848101265822783,0.36075949367088606,False,True,True
2022,2022-07-30 09:00:00,95.0,83.33333333333334,BULL,7.859,7.692673055894731,0.1663269441052692,2.199999999999999,False,False,False,False,2.110301502189873,0.9499362887350428,RUNNER_>=2R,True,True,True,False,,144,True,True,False,36.9627660805571,2.743687124104444,0.8666666666666667,0.9333333333333332,0.9,HIGH,HIGH,HIGH,False,True,79,0.9,0.925,0.9125000000000001,True,False,False
2022,2022-07-30 13:00:00,100.0,83.33333333333334,STRONG_BULL,7.937,7.711337943427007,0.2256620565729932,2.199999999999997,True,False,True,False,1.2097736063647693,0.5362000233338363,MIDDLE_0.5-2R,True,True,False,True,2022-07-30 22:15:00,36,True,False,True,31.3038775686106,2.1092796651929424,0.6444444444444445,0.8,0.7222222222222223,MID,HIGH,HIGH,False,False,80,0.7283950617283951,0.7654320987654321,0.7469135802469136,False,True,True
2022,2022-08-08 23:00:00,100.0,83.33333333333334,STRONG_BULL,8.575,8.460796796478464,0.1142032035215354,2.2000000000000064,False,False,False,False,3.309889638329805,0.8230942486851842,RUNNER_>=2R,True,True,True,True,2022-08-09 09:30:00,41,True,True,False,52.9955374916325,2.444385242412128,1.0,0.8888888888888888,0.9444444444444444,HIGH,HIGH,HIGH,False,True,81,1.0,0.8658536585365854,0.9329268292682926,True,False,False
2022,2022-08-09 08:00:00,95.0,66.66666666666666,STRONG_BULL,8.622,8.498015139226538,0.1239848607734614,2.200000000000006,False,False,False,False,0.072589507653234,0.7742880816344678,FALSE_<0.5R,False,False,False,True,2022-08-09 09:00:00,3,True,False,False,45.99076564172441,1.811155618635452,0.9777777777777776,0.6888888888888889,0.8333333333333333,HIGH,HIGH,HIGH,False,False,82,0.9759036144578314,0.6626506024096386,0.8192771084337349,True,False,False
2022,2022-08-11 01:00:00,100.0,66.66666666666666,STRONG_BULL,9.107,8.94430783952226,0.1626921604777393,2.199999999999998,False,False,False,False,0.7375893199010053,0.596218033586638,MIDDLE_0.5-2R,True,False,False,True,2022-08-11 08:00:00,27,True,True,False,25.891402072456177,2.8445467168374483,0.4222222222222222,0.9555555555555556,0.6888888888888889,MID,HIGH,HIGH,False,True,83,0.5238095238095238,0.9404761904761905,0.7321428571428572,True,False,False
2022,2022-09-11 07:00:00,100.0,100.0,BULL,7.911,7.819870946065341,0.0911290539346589,2.200000000000002,False,False,False,False,2.875043563909472,0.7900883076392339,RUNNER_>=2R,True,True,True,True,2022-09-11 22:00:00,59,True,True,False,24.273109099529396,1.1196276123766058,0.4,0.4,0.4,MID,MID,MID,False,True,84,0.49411764705882355,0.3764705882352941,0.43529411764705883,False,True,True
2022,2022-09-11 20:00:00,95.0,66.66666666666666,STRONG_BULL,7.968,7.861120150798792,0.1068798492012081,2.199999999999993,False,False,False,False,0.9917678663678506,0.6081595406972713,MIDDLE_0.5-2R,True,False,False,True,2022-09-11 22:00:00,7,True,True,False,17.764858566555702,0.8823575566872188,0.1555555555555555,0.3333333333333333,0.2444444444444444,LOW,LOW,LOW,False,True,85,0.20930232558139536,0.29069767441860467,0.25,False,True,True
2022,2022-09-12 08:00:00,100.0,66.66666666666666,BULL,8.044,7.880736356030807,0.1632636439691932,2.199999999999998,False,False,False,False,0.6063811733779557,0.7656327946691399,MIDDLE_0.5-2R,True,False,False,True,2022-09-12 14:45:00,26,True,True,False,21.026886486179933,0.7142275739623116,0.2888888888888888,0.2222222222222222,0.2555555555555555,LOW,LOW,LOW,False,True,86,0.41379310344827586,0.25287356321839083,0.33333333333333337,False,True,True
2022,2022-10-05 14:00:00,100.0,66.66666666666666,BULL,7.777,7.631741035317446,0.1452589646825544,2.200000000000001,True,False,True,False,1.142786611227555,0.9156061403208756,MIDDLE_0.5-2R,True,True,False,True,2022-10-06 22:15:00,128,True,True,True,26.408181055696023,0.7325510883297914,0.4666666666666667,0.2444444444444444,0.3555555555555555,MID,LOW,MID,True,False,87,0.5454545454545454,0.26136363636363635,0.4034090909090909,False,True,True
2022,2022-10-05 15:00:00,100.0,66.66666666666666,BULL,7.813,7.640120729527055,0.1728792704729445,2.199999999999996,True,True,False,True,0.7519698552889533,0.9775608118756378,MIDDLE_0.5-2R,True,False,False,True,2022-10-06 22:15:00,124,True,False,False,26.374314999708982,0.7462354199369248,0.4444444444444444,0.2666666666666666,0.3555555555555555,MID,LOW,MID,False,False,88,0.5393258426966292,0.2696629213483146,0.4044943820224719,False,True,False
2022,2022-10-05 23:00:00,95.0,83.33333333333334,BULL,7.895,7.745526103616719,0.1494738963832809,2.2,False,False,False,False,0.2943657793410008,0.9366183888122628,FALSE_<0.5R,False,False,False,True,2022-10-06 14:15:00,60,True,False,False,28.77159054940807,1.1095979793035229,0.5333333333333333,0.3777777777777777,0.4555555555555555,MID,MID,MID,False,False,89,0.6666666666666666,0.4,0.5333333333333333,False,True,False
2022,2022-10-18 04:00:00,95.0,83.33333333333334,BULL,7.298,7.218626613439955,0.0793733865600447,2.2000000000000046,False,False,False,False,0.2897696696184247,0.8189142837042598,FALSE_<0.5R,False,False,False,True,2022-10-18 08:15:00,16,True,True,False,29.15823175020521,0.899419198838225,0.5777777777777777,0.3555555555555555,0.4666666666666667,MID,MID,MID,False,True,90,0.6923076923076923,0.31868131868131866,0.5054945054945055,False,True,True
2022,2022-10-30 17:00:00,100.0,100.0,BULL,7.616,7.509722436416704,0.1062775635832959,2.200000000000001,False,False,False,False,6.746485107724976,0.2634610641789349,RUNNER_>=2R,True,True,True,False,,144,True,True,False,23.235949269030595,1.58754074733789,0.3555555555555555,0.5111111111111111,0.4333333333333333,MID,MID,MID,False,True,91,0.45652173913043476,0.5760869565217391,0.5163043478260869,False,True,True
2022,2022-10-30 18:00:00,100.0,100.0,BULL,7.693,7.519265465212112,0.1737345347878873,2.200000000000001,True,False,True,False,3.683781124929348,0.2302363203080842,RUNNER_>=2R,True,True,True,False,,144,True,False,True,22.508867461588437,1.509744749117936,0.3333333333333333,0.4888888888888889,0.4111111111111111,LOW,MID,MID,False,False,92,0.45161290322580644,0.5483870967741935,0.5,False,True,False
2022,2022-10-31 03:00:00,100.0,100.0,BULL,7.79,7.677006308883384,0.1129936911166158,2.2000000000000046,False,False,False,False,4.805578033906279,0.7965046465038017,RUNNER_>=2R,True,True,True,True,2022-11-01 14:00:00,139,True,False,False,23.416242076017717,1.6602384207269782,0.3777777777777777,0.6,0.4888888888888889,MID,MID,MID,False,False,93,0.46808510638297873,0.6170212765957447,0.5425531914893618,False,True,False
2022,2022-11-04 13:00:00,100.0,83.33333333333334,STRONG_BULL,8.293,8.072939439320443,0.2200605606795562,2.200000000000001,False,False,False,False,3.249105599804208,0.5225834181503201,RUNNER_>=2R,True,True,True,False,,144,True,True,False,33.94925029052828,2.055497528186345,0.8,0.7777777777777778,0.788888888888889,HIGH,HIGH,HIGH,False,True,94,0.8526315789473684,0.7473684210526316,0.8,True,False,False
2022,2022-11-05 14:00:00,100.0,83.33333333333334,STRONG_BULL,8.668,8.53544554572155,0.1325544542784484,2.2,False,False,False,False,2.5649835899575586,0.9505527421607386,RUNNER_>=2R,True,True,True,True,2022-11-06 13:00:00,91,True,True,False,32.2466076958602,2.354086683831791,0.7333333333333333,0.8444444444444444,0.7888888888888889,HIGH,HIGH,HIGH,False,True,95,0.7916666666666666,0.8125,0.8020833333333333,True,False,False
2022,2022-11-05 16:00:00,100.0,83.33333333333334,STRONG_BULL,8.845,8.553155793775211,0.2918442062247894,2.2,True,False,True,True,0.5585171695149216,0.8737538541491213,MIDDLE_0.5-2R,True,False,False,True,2022-11-06 02:00:00,39,True,False,True,31.24465041140233,2.200302487873107,0.6222222222222222,0.8222222222222222,0.7222222222222222,MID,HIGH,HIGH,False,False,96,0.7216494845360825,0.7938144329896907,0.7577319587628866,False,True,True
2022,2022-12-01 12:00:00,95.0,83.33333333333334,BULL,7.549,7.473452687758592,0.0755473122414081,2.199999999999996,False,False,False,False,1.5222249023568424,0.1058939062509115,MIDDLE_0.5-2R,True,True,False,True,2022-12-01 14:00:00,7,True,True,False,13.132624004401606,0.8802617459047424,0.0444444444444444,0.3111111111111111,0.1777777777777777,LOW,LOW,LOW,False,True,97,0.061224489795918366,0.2755102040816326,0.1683673469387755,False,True,True
2023,2023-01-04 16:00:00,100.0,83.33333333333334,BULL,5.814,5.745119478395698,0.068880521604302,2.2,False,False,False,False,0.6387872648927722,0.6533051572767038,MIDDLE_0.5-2R,True,False,False,True,2023-01-04 19:30:00,13,True,True,False,35.41312634750848,0.9514225404706478,0.8947368421052632,0.5701754385964912,0.7324561403508771,HIGH,MID,HIGH,False,True,98,0.8787878787878788,0.32323232323232326,0.601010101010101,False,True,True
2023,2023-01-05 00:00:00,100.0,66.66666666666666,BULL,5.809,5.732892513727436,0.0761074862725639,2.199999999999997,False,False,False,False,0.1182538070928756,0.8671945853478051,FALSE_<0.5R,False,False,False,True,2023-01-05 07:30:00,29,True,False,False,29.20296273814612,0.6439758612548863,0.7192982456140351,0.3684210526315789,0.543859649122807,HIGH,MID,MID,False,False,99,0.68,0.21,0.445,False,True,False
2023,2023-01-05 02:00:00,95.0,66.66666666666666,BULL,5.776,5.730160470269063,0.0458395297309364,2.199999999999996,False,False,False,False,0.5017503481166435,0.7199026733847199,MIDDLE_0.5-2R,True,False,False,True,2023-01-05 07:30:00,21,True,False,False,27.93678266376124,0.573621488924192,0.6666666666666666,0.3421052631578947,0.5043859649122807,MID,MID,MID,False,False,100,0.5841584158415841,0.19801980198019803,0.3910891089108911,False,True,False
2023,2023-01-07 23:00:00,100.0,100.0,BULL,5.807,5.768612401642542,0.0383875983574579,2.2000000000000046,False,False,False,False,1.0159531116492144,0.182350558501157,MIDDLE_0.5-2R,True,True,False,True,2023-01-08 00:45:00,6,True,True,False,32.03180183686589,0.5294483506253611,0.7807017543859649,0.3070175438596491,0.543859649122807,HIGH,LOW,MID,False,True,101,0.7745098039215687,0.19607843137254902,0.4852941176470588,False,True,True
2023,2023-01-08 20:00:00,95.0,83.33333333333334,BULL,5.828,5.78728892068976,0.04071107931024,2.199999999999992,False,False,False,False,10.48854531087305,0.1719433657520311,RUNNER_>=2R,True,True,True,False,,144,True,True,False,28.54966104814229,0.3303881169354872,0.6929824561403509,0.1666666666666666,0.4298245614035088,HIGH,LOW,MID,False,True,102,0.6116504854368932,0.14563106796116504,0.37864077669902907,False,True,True
2023,2023-01-08 21:00:00,100.0,83.33333333333334,BULL,5.863,5.791168860882125,0.0718311391178758,2.199999999999997,True,False,True,False,5.457243262656912,0.4733323238018854,RUNNER_>=2R,True,True,True,False,,144,True,False,True,29.43256824829916,0.3342713081153192,0.7280701754385965,0.175438596491228,0.4517543859649123,HIGH,LOW,MID,False,False,103,0.6826923076923077,0.15384615384615385,0.4182692307692308,False,True,False
2023,2023-01-08 23:00:00,95.0,66.66666666666666,BULL,5.859,5.796283518610391,0.062716481389609,2.200000000000005,False,False,False,False,6.314129734733647,0.0,RUNNER_>=2R,True,True,True,False,,144,True,False,False,30.906438327452623,0.3389682676240513,0.7456140350877193,0.1842105263157894,0.4649122807017544,HIGH,LOW,MID,False,False,104,0.7142857142857143,0.1619047619047619,0.4380952380952381,False,True,False
2023,2023-01-11 00:00:00,95.0,83.33333333333334,STRONG_BULL,6.166,6.111346825265882,0.0546531747341187,2.2000000000000064,False,False,False,False,0.7501851484284237,0.988048732076478,MIDDLE_0.5-2R,True,False,False,True,2023-01-11 03:00:00,11,True,True,False,21.640238141912352,0.7873809978450552,0.4210526315789473,0.4561403508771929,0.4385964912280701,MID,MID,MID,False,True,105,0.36792452830188677,0.3018867924528302,0.33490566037735847,False,True,True
2023,2023-01-11 01:00:00,100.0,83.33333333333334,STRONG_BULL,6.183,6.114996833377437,0.0680031666225629,2.199999999999995,False,False,False,False,0.3529247414786861,0.6323234951493142,FALSE_<0.5R,False,False,False,True,2023-01-11 02:30:00,5,True,False,False,21.337595099672885,0.822510595786774,0.4035087719298245,0.4824561403508772,0.4429824561403508,MID,MID,MID,False,False,106,0.35514018691588783,0.308411214953271,0.3317757009345794,False,True,False
2023,2023-01-18 08:00:00,95.0,83.33333333333334,STRONG_BULL,6.86,6.779471990987584,0.0805280090124167,2.199999999999996,False,False,False,False,0.0124180395400717,0.5712298188436206,FALSE_<0.5R,False,False,False,True,2023-01-18 08:30:00,1,True,True,False,22.021091951841367,1.0300232803721387,0.4473684210526316,0.6491228070175439,0.5482456140350878,MID,MID,MID,False,True,107,0.39814814814814814,0.39814814814814814,0.39814814814814814,False,True,True
2023,2023-01-21 17:00:00,100.0,66.66666666666666,STRONG_BULL,6.997,6.851031536778907,0.1459684632210924,2.200000000000001,False,False,False,False,0.7124826671804823,0.7809906159478348,MIDDLE_0.5-2R,True,False,False,True,2023-01-21 23:45:00,26,True,True,False,34.750900627248306,1.776373261365638,0.868421052631579,0.8947368421052632,0.881578947368421,HIGH,HIGH,HIGH,False,True,108,0.8623853211009175,0.6880733944954128,0.7752293577981652,True,False,False
2023,2023-01-23 01:00:00,100.0,83.33333333333334,STRONG_BULL,7.114,6.91345433637613,0.2005456636238696,2.1999999999999984,False,False,False,False,0.5983674632081015,0.7978232842774687,MIDDLE_0.5-2R,True,False,False,True,2023-01-23 15:00:00,55,True,True,False,19.92750972477526,1.0004316910358302,0.3070175438596491,0.6140350877192983,0.4605263157894737,LOW,MID,MID,False,True,109,0.2909090909090909,0.37272727272727274,0.3318181818181818,False,True,True
2023,2023-01-23 13:00:00,98.0,66.66666666666666,STRONG_BULL,7.141,7.007965026914053,0.1330349730859472,2.200000000000001,True,False,True,False,0.1578532284622094,0.5562447098192153,FALSE_<0.5R,False,False,False,True,2023-01-23 14:00:00,3,True,True,True,13.873292733412825,1.0048483573169564,0.0789473684210526,0.6228070175438597,0.3508771929824562,LOW,MID,MID,True,False,110,0.06306306306306306,0.3783783783783784,0.22072072072072074,False,True,True
2023,2023-01-24 11:00:00,95.0,66.66666666666666,STRONG_BULL,7.111,7.0334389296868425,0.0775610703131572,2.2000000000000046,False,False,False,False,0.4641503766599456,0.4383642446232736,FALSE_<0.5R,False,False,False,True,2023-01-24 13:45:00,10,True,True,False,14.20945574356542,0.657809338538784,0.087719298245614,0.3859649122807017,0.2368421052631578,LOW,MID,LOW,False,True,111,0.08928571428571429,0.24107142857142858,0.16517857142857142,False,True,True
2023,2023-01-26 17:00:00,100.0,100.0,STRONG_BULL,7.005,6.880242867633057,0.1247571323669429,2.200000000000001,False,False,False,False,4.039849188883295,0.6652926243597499,RUNNER_>=2R,True,True,True,False,,144,True,True,False,18.6546656818689,0.365641923269222,0.2456140350877192,0.1929824561403508,0.219298245614035,LOW,LOW,LOW,False,True,112,0.26548672566371684,0.1592920353982301,0.21238938053097345,False,True,True
2023,2023-01-27 06:00:00,95.0,100.0,BULL,7.17,6.979046925476855,0.1909530745231453,2.199999999999998,False,False,False,False,1.7753052724946323,0.3875297644973521,MIDDLE_0.5-2R,True,True,False,False,,144,True,True,False,23.97404717256285,1.0987501060296443,0.5087719298245614,0.6842105263157895,0.5964912280701755,MID,HIGH,MID,False,True,113,0.4824561403508772,0.45614035087719296,0.4692982456140351,False,True,True
2023,2023-01-29 15:00:00,100.0,83.33333333333334,STRONG_BULL,7.393,7.302793362348543,0.0902066376514563,2.199999999999998,False,False,False,False,0.0886852698236098,0.4434263491180493,FALSE_<0.5R,False,False,False,True,2023-01-29 16:15:00,4,True,True,False,20.914326808167907,0.6608094584140689,0.3859649122807017,0.3947368421052631,0.3903508771929824,MID,MID,MID,False,True,114,0.3565217391304348,0.25217391304347825,0.30434782608695654,False,True,True
2023,2023-02-03 15:00:00,100.0,100.0,STRONG_BULL,7.26,7.131650437040952,0.1283495629590474,2.200000000000003,True,False,True,True,0.6077153533034452,0.8102871377379246,MIDDLE_0.5-2R,True,False,False,True,2023-02-04 05:30:00,57,True,True,True,19.942375902717107,0.0775035367998056,0.3157894736842105,0.0701754385964912,0.1929824561403508,LOW,LOW,LOW,True,False,115,0.3103448275862069,0.06896551724137931,0.1896551724137931,False,True,True
2023,2023-02-03 22:00:00,95.0,100.0,BULL,7.25,7.16092325482607,0.08907674517393,2.199999999999996,False,False,False,False,0.785839220588036,0.9991384376047892,MIDDLE_0.5-2R,True,False,False,True,2023-02-04 05:15:00,28,True,False,False,15.383303322697865,0.4866282439065506,0.131578947368421,0.2719298245614035,0.2017543859649123,LOW,LOW,LOW,False,False,116,0.11965811965811966,0.19658119658119658,0.1581196581196581,False,True,False
2023,2023-02-04 13:00:00,99.0,66.66666666666666,BULL,7.23,7.179754402786168,0.0502455972138324,2.1999999999999966,True,True,False,False,2.666900334167181,0.2189246542973092,RUNNER_>=2R,True,True,True,True,2023-02-04 23:45:00,42,True,True,False,18.399987344029714,0.0501608949453169,0.219298245614035,0.0614035087719298,0.1403508771929824,LOW,LOW,LOW,False,True,117,0.23728813559322035,0.059322033898305086,0.1483050847457627,False,True,True
2023,2023-02-08 12:00:00,95.0,100.0,STRONG_BULL,7.226,7.141769168770323,0.0842308312296769,2.2,False,False,False,False,0.8785381661285038,0.6173511437659722,MIDDLE_0.5-2R,True,False,False,True,2023-02-08 15:15:00,12,True,True,False,25.719489418879952,0.9675990323339212,0.5877192982456141,0.5877192982456141,0.5877192982456141,MID,MID,MID,False,True,118,0.5294117647058824,0.3949579831932773,0.46218487394957986,False,True,True
2023,2023-02-08 14:00:00,100.0,100.0,BULL,7.244,7.141740762868289,0.1022592371317108,2.1999999999999984,False,False,False,False,0.5476277896330436,0.5965231279931357,MIDDLE_0.5-2R,True,False,False,True,2023-02-08 15:15:00,4,True,False,False,25.711149854528447,0.8864406911746281,0.5789473684210527,0.5526315789473685,0.5657894736842106,MID,MID,MID,False,False,119,0.525,0.36666666666666664,0.4458333333333333,False,True,False
2023,2023-02-17 09:00:00,100.0,100.0,STRONG_BULL,7.254,7.146000172337968,0.1079998276620317,2.1999999999999984,True,False,True,False,9.277792582554854,0.5277786199656902,RUNNER_>=2R,True,True,True,False,,144,True,True,True,20.521583293959253,0.2822925557996569,0.3596491228070175,0.1491228070175438,0.2543859649122807,MID,LOW,LOW,True,False,120,0.35537190082644626,0.11570247933884298,0.23553719008264462,False,True,True
2023,2023-02-20 10:00:00,100.0,83.33333333333334,STRONG_BULL,8.202,7.995534694208385,0.2064653057916148,2.199999999999997,False,False,False,False,0.1646765778378129,0.8040091741493071,FALSE_<0.5R,False,False,False,True,2023-02-20 16:30:00,25,True,True,False,18.97378943257865,1.063799729189685,0.2631578947368421,0.6666666666666666,0.4649122807017544,LOW,MID,MID,False,True,121,0.27049180327868855,0.45901639344262296,0.36475409836065575,False,True,True
2023,2023-03-14 20:00:00,100.0,100.0,STRONG_BULL,7.0,6.893120974974993,0.1068790250250071,2.1999999999999984,False,False,False,False,0.1871274555070095,0.4491058932168327,FALSE_<0.5R,False,False,False,True,2023-03-14 20:45:00,2,True,True,False,33.688559487258765,2.333267044481069,0.8508771929824561,0.9473684210526316,0.8991228070175439,HIGH,HIGH,HIGH,False,True,122,0.8617886178861789,0.8455284552845529,0.853658536585366,True,False,False
2023,2023-03-19 15:00:00,100.0,83.33333333333334,STRONG_BULL,7.124,7.021506388582065,0.1024936114179349,2.1999999999999966,True,False,True,False,1.5318027907105956,0.9951839786782156,MIDDLE_0.5-2R,True,True,False,True,2023-03-20 01:15:00,40,True,True,True,20.322893174304543,0.2373840770594881,0.3421052631578947,0.1140350877192982,0.2280701754385964,MID,LOW,LOW,True,False,123,0.3548387096774194,0.10483870967741936,0.22983870967741937,False,True,True
2023,2023-03-21 20:00:00,95.0,66.66666666666666,STRONG_BULL,7.276,7.146946434072335,0.1290535659276646,2.199999999999999,False,False,False,False,3.46367802227601,0.8213643632242877,RUNNER_>=2R,True,True,True,True,2023-03-22 19:45:00,94,True,True,False,20.77593447902963,0.4164222501247483,0.3684210526315789,0.219298245614035,0.293859649122807,MID,LOW,LOW,False,True,124,0.376,0.208,0.292,False,True,True
2023,2023-03-23 09:00:00,99.0,100.0,BULL,7.384,7.248915850054733,0.1350841499452677,2.199999999999997,True,True,False,True,2.0357680757618244,0.9327519183490584,RUNNER_>=2R,True,True,True,True,2023-03-24 17:30:00,124,True,True,False,25.44718555540513,-0.7224118809049607,0.5614035087719298,0.0087719298245614,0.2850877192982456,MID,LOW,LOW,False,True,125,0.5317460317460317,0.007936507936507936,0.2698412698412698,False,True,True
2023,2023-03-30 11:00:00,95.0,100.0,STRONG_BULL,7.395,7.295477930400245,0.0995220695997547,2.200000000000002,False,False,False,False,0.1808644059794054,0.8440338945705229,FALSE_<0.5R,False,False,False,True,2023-03-30 14:00:00,11,True,True,False,27.23640793852382,1.3740296601832958,0.6403508771929824,0.8245614035087719,0.7324561403508771,MID,HIGH,HIGH,False,True,126,0.5905511811023622,0.5590551181102362,0.5748031496062992,False,True,True
2023,2023-03-31 08:00:00,100.0,100.0,BULL,7.509,7.322139966494205,0.1868600335057957,2.2,True,False,True,True,0.9686394495609788,0.5993791069106614,MIDDLE_0.5-2R,True,False,False,False,,144,True,True,True,19.72047928878061,0.4455628392781019,0.2894736842105263,0.2280701754385964,0.2587719298245614,LOW,LOW,LOW,True,False,127,0.296875,0.21875,0.2578125,False,True,True
2023,2023-04-01 05:00:00,95.0,66.66666666666666,STRONG_BULL,7.589,7.522225147027226,0.0667748529727747,2.199999999999995,False,False,False,False,0.0299513950381173,0.6289792958005437,FALSE_<0.5R,False,False,False,True,2023-04-01 06:30:00,5,True,True,False,35.05675151640225,1.271086561113055,0.8859649122807017,0.7719298245614035,0.8289473684210527,HIGH,HIGH,HIGH,False,True,128,0.8992248062015504,0.5426356589147286,0.7209302325581395,True,False,False
2023,2023-04-01 11:00:00,95.0,66.66666666666666,STRONG_BULL,7.585,7.514643637669687,0.0703563623303127,2.2,False,False,False,False,0.0568534225976755,0.7817345607179468,FALSE_<0.5R,False,False,False,True,2023-04-01 12:00:00,3,True,False,False,24.609992523723896,0.8378266216122698,0.543859649122807,0.5087719298245614,0.5263157894736843,MID,MID,MID,False,False,129,0.5153846153846153,0.35384615384615387,0.4346153846153846,False,True,True
2023,2023-04-05 01:00:00,100.0,66.66666666666666,STRONG_BULL,7.518,7.351560408734506,0.1664395912654939,2.200000000000001,True,False,True,True,0.5287203563221208,0.9372769952983024,MIDDLE_0.5-2R,True,False,False,True,2023-04-05 14:15:00,52,True,True,True,16.141357348958426,0.5111926298942082,0.1491228070175438,0.2982456140350877,0.2236842105263157,LOW,LOW,LOW,True,False,130,0.1297709923664122,0.24427480916030533,0.18702290076335876,False,True,True
2023,2023-04-14 20:00:00,95.0,100.0,STRONG_BULL,7.757,7.609666677666499,0.1473333223335009,2.199999999999996,False,False,False,False,2.7692309759801543,0.977375638581227,RUNNER_>=2R,True,True,True,False,,144,True,True,False,34.09137045713861,1.4121795401238924,0.8596491228070176,0.8333333333333334,0.8464912280701755,HIGH,HIGH,HIGH,False,True,131,0.8712121212121212,0.6060606060606061,0.7386363636363636,True,False,False
2023,2023-04-15 10:00:00,100.0,83.33333333333334,STRONG_BULL,7.818,7.658536503249174,0.1594634967508259,2.199999999999996,True,False,True,True,2.3328222921216804,0.2884672726817093,RUNNER_>=2R,True,True,True,False,,144,True,True,True,18.365007392462378,0.6807538614389541,0.2105263157894736,0.4122807017543859,0.3114035087719298,LOW,MID,LOW,True,False,132,0.21052631578947367,0.3007518796992481,0.2556390977443609,False,True,True
2023,2023-04-16 21:00:00,100.0,66.66666666666666,STRONG_BULL,8.1,7.953557143436192,0.1464428565638078,2.200000000000001,False,False,False,False,0.614574190314194,0.614574190314194,MIDDLE_0.5-2R,True,False,False,True,2023-04-17 00:45:00,14,True,True,False,24.174323469038384,0.7598397894579723,0.5263157894736842,0.4298245614035088,0.4780701754385965,MID,MID,MID,False,True,133,0.5,0.3358208955223881,0.417910447761194,False,True,True
2023,2023-04-17 09:00:00,100.0,66.66666666666666,BULL,8.161,8.037875061729004,0.1231249382709958,2.200000000000003,False,False,False,False,0.0,0.8609141372050539,FALSE_<0.5R,False,False,False,True,2023-04-17 10:15:00,4,True,True,False,18.283265392703598,1.139388569959876,0.1929824561403508,0.6929824561403509,0.4429824561403509,LOW,HIGH,MID,False,True,134,0.1925925925925926,0.5333333333333333,0.36296296296296293,False,True,True
2023,2023-04-19 00:00:00,95.0,100.0,STRONG_BULL,8.578,8.479121245192514,0.0988787548074849,2.1999999999999966,False,False,False,False,0.2224947112535328,0.8596386571159035,FALSE_<0.5R,False,False,False,True,2023-04-19 02:15:00,8,True,True,False,25.65069973558955,2.134540951767528,0.5701754385964912,0.9298245614035088,0.75,MID,HIGH,HIGH,False,True,135,0.5441176470588235,0.8235294117647058,0.6838235294117647,True,False,False
2023,2023-04-19 06:00:00,95.0,100.0,STRONG_BULL,8.588,8.475566224031695,0.112433775968304,2.200000000000004,False,False,False,False,0.0177882489739069,0.5158592202431276,FALSE_<0.5R,False,False,False,True,2023-04-19 06:30:00,1,True,False,False,18.07403267586877,1.3180980638429318,0.1842105263157894,0.7894736842105263,0.4868421052631579,LOW,HIGH,MID,False,False,136,0.18248175182481752,0.5547445255474452,0.3686131386861314,False,True,True
2023,2023-04-30 09:00:00,98.0,100.0,BULL,7.216,7.135795297008195,0.0802047029918053,2.2000000000000024,True,False,True,True,1.1096606144042798,0.6857453235082739,MIDDLE_0.5-2R,True,True,False,True,2023-04-30 19:30:00,41,True,True,True,10.955014792595366,0.3168974125693946,0.0175438596491228,0.1578947368421052,0.087719298245614,LOW,LOW,LOW,True,False,137,0.021739130434782608,0.13768115942028986,0.07971014492753623,False,True,True
2023,2023-05-28 10:00:00,95.0,83.33333333333334,BULL,6.489,6.455412669086576,0.0335873309134235,2.199999999999995,False,False,False,False,5.50802921723271,0.5656894871752536,RUNNER_>=2R,True,True,True,False,,144,True,True,False,34.977032650178515,0.8317918487952047,0.8771929824561403,0.4912280701754385,0.6842105263157894,HIGH,MID,HIGH,False,True,138,0.8992805755395683,0.35251798561151076,0.6258992805755396,False,True,True
2023,2023-05-28 14:00:00,95.0,83.33333333333334,BULL,6.494,6.455600120829386,0.0383998791706137,2.199999999999991,False,False,False,False,4.791681744165745,0.416667977753543,RUNNER_>=2R,True,True,True,False,,144,True,False,False,32.31005660447681,0.7166785819897825,0.7894736842105263,0.4210526315789473,0.6052631578947368,HIGH,MID,MID,False,False,139,0.8214285714285714,0.30714285714285716,0.5642857142857143,False,True,False
2023,2023-05-29 10:00:00,95.0,66.66666666666666,STRONG_BULL,6.619,6.559055250223892,0.0599447497761076,2.200000000000003,False,False,False,False,0.1668202809645477,0.7340092362440189,FALSE_<0.5R,False,False,False,True,2023-05-29 15:00:00,19,True,True,False,36.01374211747429,0.9701539845695883,0.912280701754386,0.5964912280701754,0.7543859649122806,HIGH,MID,HIGH,False,True,140,0.9148936170212766,0.4326241134751773,0.6737588652482269,True,False,False
2023,2023-05-29 12:00:00,99.0,66.66666666666666,STRONG_BULL,6.62,6.567741120146557,0.0522588798534426,2.1999999999999966,True,False,True,False,0.1722195352299836,0.8036911644066355,FALSE_<0.5R,False,False,False,True,2023-05-29 15:00:00,11,True,False,True,33.26238309423783,0.8589580118070206,0.8333333333333334,0.5263157894736842,0.6798245614035088,HIGH,MID,HIGH,False,False,141,0.8309859154929577,0.3732394366197183,0.602112676056338,False,True,True
2023,2023-05-29 21:00:00,100.0,66.66666666666666,STRONG_BULL,6.613,6.564735615079172,0.0482643849208281,2.1999999999999926,True,False,True,False,1.3467487487227705,0.580137922526746,MIDDLE_0.5-2R,True,True,False,True,2023-05-30 05:15:00,32,True,False,False,21.163167663469256,0.5005391739323573,0.3947368421052631,0.2894736842105263,0.3421052631578947,MID,LOW,MID,False,False,142,0.3916083916083916,0.23076923076923078,0.3111888111888112,False,True,False
2023,2023-05-29 23:00:00,100.0,83.33333333333334,STRONG_BULL,6.643,6.571484516479424,0.0715154835205753,2.199999999999997,True,False,True,True,0.4894045076256874,0.8110131840654192,FALSE_<0.5R,False,False,False,True,2023-05-30 05:15:00,24,True,True,False,19.805603471721486,0.4840743988988372,0.2982456140350877,0.2631578947368421,0.2807017543859649,LOW,LOW,LOW,True,False,143,0.3055555555555556,0.20833333333333334,0.2569444444444445,False,True,False
2023,2023-05-31 04:00:00,95.0,66.66666666666666,BULL,6.607,6.573262153092172,0.0337378469078277,2.200000000000005,False,False,False,False,0.0889209085629012,0.6224463599402823,FALSE_<0.5R,False,False,False,True,2023-05-31 04:45:00,2,True,True,False,14.478771628444743,0.2420437723160917,0.0964912280701754,0.1228070175438596,0.1096491228070175,LOW,LOW,LOW,False,True,144,0.08275862068965517,0.10344827586206896,0.09310344827586206,False,True,True
2023,2023-06-04 19:00:00,98.0,66.66666666666666,BULL,6.509,6.463858411324959,0.0451415886750412,2.199999999999992,True,False,True,False,0.5095079875360339,0.1772201695777534,MIDDLE_0.5-2R,True,False,False,True,2023-06-04 23:30:00,17,True,True,True,13.708052479181443,0.4087302487856936,0.0701754385964912,0.2105263157894736,0.1403508771929824,LOW,LOW,LOW,True,False,145,0.0547945205479452,0.1917808219178082,0.1232876712328767,False,True,True
2023,2023-06-24 09:00:00,95.0,100.0,STRONG_BULL,6.069,5.99556699889343,0.0734330011065695,2.199999999999997,False,False,False,False,1.7294676519578864,0.7081284874158233,MIDDLE_0.5-2R,True,True,False,True,2023-06-24 15:45:00,26,True,True,False,31.396216918395204,2.126099017302585,0.7631578947368421,0.9210526315789472,0.8421052631578947,HIGH,HIGH,HIGH,False,True,146,0.7619047619047619,0.8299319727891157,0.7959183673469388,True,False,False
2023,2023-06-24 15:00:00,95.0,83.33333333333334,STRONG_BULL,6.096,6.007630792644044,0.0883692073559556,2.199999999999996,False,False,False,False,0.0678969539223309,0.8939765599773202,FALSE_<0.5R,False,False,False,True,2023-06-24 15:45:00,2,True,False,False,29.20096193991349,1.8449381469960224,0.7105263157894737,0.9035087719298246,0.8070175438596492,HIGH,HIGH,HIGH,False,False,147,0.6959459459459459,0.7702702702702703,0.7331081081081081,True,False,False
2023,2023-06-24 20:00:00,95.0,100.0,STRONG_BULL,6.087,6.002477400607326,0.0845225993926739,2.200000000000004,False,False,False,False,3.4428661930766773,0.9701547348188546,RUNNER_>=2R,True,True,True,False,,144,True,False,False,24.277659501187124,1.4517342910716602,0.5350877192982456,0.8508771929824561,0.6929824561403508,MID,HIGH,HIGH,False,False,148,0.5100671140939598,0.6308724832214765,0.5704697986577181,False,True,True
2023,2023-06-24 22:00:00,100.0,100.0,BULL,6.089,6.006292723554886,0.082707276445114,2.199999999999998,False,False,False,False,3.494251200398132,0.761722580017594,RUNNER_>=2R,True,True,True,False,,144,True,True,False,22.9008990361516,1.3492396617809543,0.4736842105263157,0.7982456140350878,0.6359649122807017,MID,HIGH,MID,False,True,149,0.46,0.58,0.52,False,True,False
2023,2023-06-26 14:00:00,98.0,83.33333333333334,BULL,6.245,6.129235755805898,0.1157642441941018,2.1999999999999984,True,False,True,False,0.1209354416595719,0.9588452874437304,FALSE_<0.5R,False,False,False,True,2023-06-26 17:00:00,11,True,True,True,14.499426672627685,0.4085068851808815,0.1052631578947368,0.2017543859649122,0.1535087719298245,LOW,LOW,LOW,True,False,150,0.09271523178807947,0.18543046357615894,0.1390728476821192,False,True,True
2023,2023-06-27 08:00:00,98.0,100.0,BULL,6.244,6.116237943917606,0.1277620560823935,2.200000000000001,True,False,True,True,0.0860975499087635,0.8922836990544474,FALSE_<0.5R,False,False,False,True,2023-06-27 15:45:00,30,True,True,True,15.388768238350828,0.0449807025633131,0.1403508771929824,0.043859649122807,0.0921052631578947,LOW,LOW,LOW,True,False,151,0.125,0.046052631578947366,0.08552631578947369,False,True,True
2023,2023-07-02 12:00:00,100.0,100.0,STRONG_BULL,6.485,6.364221761894604,0.1207782381053963,2.199999999999997,True,False,True,True,0.5381764216768726,0.9355990099921124,MIDDLE_0.5-2R,True,False,False,True,2023-07-02 18:00:00,23,True,True,True,17.861740492992066,1.0915412115339862,0.175438596491228,0.6754385964912281,0.425438596491228,LOW,HIGH,MID,True,False,152,0.1895424836601307,0.5098039215686274,0.34967320261437906,False,True,True
2023,2023-07-02 15:00:00,100.0,83.33333333333334,STRONG_BULL,6.494,6.370401976746467,0.1235980232535327,2.2,False,False,False,False,0.2508130727658261,0.987070802497748,FALSE_<0.5R,False,False,False,True,2023-07-02 18:00:00,11,True,False,False,19.595207498947463,1.0090596793379092,0.2807017543859649,0.631578947368421,0.4561403508771929,LOW,MID,MID,False,False,153,0.3051948051948052,0.461038961038961,0.3831168831168831,False,True,False
2023,2023-07-03 18:00:00,95.0,100.0,STRONG_BULL,6.614,6.549192582165953,0.0648074178340465,2.200000000000003,False,False,False,False,1.203565928204951,0.7715166206441936,MIDDLE_0.5-2R,True,True,False,True,2023-07-04 02:00:00,31,True,True,False,21.667459793883552,1.189639762654826,0.4298245614035088,0.7280701754385965,0.5789473684210527,MID,HIGH,MID,False,True,154,0.432258064516129,0.5612903225806452,0.4967741935483871,False,True,True
2023,2023-07-03 23:00:00,95.0,83.33333333333334,STRONG_BULL,6.604,6.545711403629524,0.0582885963704757,2.199999999999997,False,False,False,False,0.4803684038303945,0.9950488365058292,FALSE_<0.5R,False,False,False,True,2023-07-04 04:30:00,21,True,False,False,19.14903216323385,1.0209054428474973,0.2719298245614035,0.6403508771929824,0.4561403508771929,LOW,MID,MID,False,False,155,0.28846153846153844,0.47435897435897434,0.3814102564102564,False,True,False
2023,2023-07-04 00:00:00,95.0,83.33333333333334,STRONG_BULL,6.628,6.557222327433602,0.0707776725663977,2.2,False,False,False,False,0.0282574988337394,0.9042399626797636,FALSE_<0.5R,False,False,False,True,2023-07-04 02:00:00,7,True,False,False,18.57058849836737,0.9656746659391092,0.2280701754385964,0.5789473684210527,0.4035087719298246,LOW,MID,MID,False,False,156,0.267515923566879,0.4267515923566879,0.3471337579617835,False,True,False
2023,2023-07-11 07:00:00,100.0,83.33333333333334,STRONG_BULL,6.231,6.150865127430907,0.0801348725690926,2.199999999999996,True,False,True,True,0.0499158465192744,0.9234431606064722,FALSE_<0.5R,False,False,False,True,2023-07-11 09:45:00,10,True,True,True,17.25533053837004,0.2527146548968684,0.1666666666666666,0.131578947368421,0.1491228070175438,LOW,LOW,LOW,True,False,157,0.17721518987341772,0.11392405063291139,0.14556962025316456,False,True,True
2023,2023-07-11 23:00:00,100.0,83.33333333333334,STRONG_BULL,6.212,6.160474178033107,0.0515258219668925,2.200000000000004,True,False,True,False,4.036810904902177,0.3105239157617059,RUNNER_>=2R,True,True,True,False,,144,True,True,True,10.36540305431683,0.0914594733423479,0.0087719298245614,0.087719298245614,0.0482456140350877,LOW,LOW,LOW,True,False,158,0.018867924528301886,0.07547169811320754,0.04716981132075471,False,True,True
2023,2023-07-12 12:00:00,100.0,100.0,STRONG_BULL,6.262,6.212160436550129,0.0498395634498702,2.1999999999999966,True,False,True,False,0.9831546788985348,0.9028971540904828,MIDDLE_0.5-2R,True,False,False,True,2023-07-12 16:15:00,16,True,True,True,21.772571620935643,0.465080531936235,0.4385964912280701,0.2543859649122807,0.3464912280701754,MID,LOW,MID,True,False,159,0.45,0.225,0.3375,False,True,True
2023,2023-07-12 15:00:00,100.0,83.33333333333334,STRONG_BULL,6.281,6.210631642222157,0.0703683577778431,2.199999999999995,False,False,False,False,0.2700077222206066,0.5826482426865609,FALSE_<0.5R,False,False,False,True,2023-07-12 16:15:00,4,True,False,False,24.1399315477258,0.4633816669702861,0.5175438596491229,0.2456140350877192,0.3815789473684211,MID,LOW,MID,False,False,160,0.5279503105590062,0.2236024844720497,0.37577639751552794,False,True,False
2023,2023-07-12 17:00:00,100.0,100.0,STRONG_BULL,6.263,6.21181614669295,0.0511838533070498,2.200000000000004,False,False,False,False,1.6997547933347306,0.7424216338703492,MIDDLE_0.5-2R,True,True,False,True,2023-07-12 19:45:00,10,True,False,False,23.07680510451873,0.4541347697627262,0.4824561403508772,0.2368421052631578,0.3596491228070175,MID,LOW,MID,False,False,161,0.49382716049382713,0.2222222222222222,0.35802469135802467,False,True,False
2023,2023-08-08 21:00:00,100.0,83.33333333333334,BULL,7.444,7.308893350850784,0.1351066491492156,2.199999999999999,True,False,True,False,3.51574110520198,0.4885029746175374,RUNNER_>=2R,True,True,True,False,,144,True,True,True,32.41726475567991,0.8346788172382436,0.8070175438596491,0.5,0.6535087719298245,HIGH,MID,MID,True,False,162,0.8404907975460123,0.38650306748466257,0.6134969325153374,False,True,True
2023,2023-08-09 22:00:00,95.0,100.0,BULL,7.692,7.614925778035044,0.0770742219649562,2.199999999999996,False,False,False,False,0.8692919408315714,0.9730879934681766,MIDDLE_0.5-2R,True,False,False,True,2023-08-10 04:15:00,24,True,True,False,50.64019471085079,1.762329703168963,1.0,0.8859649122807017,0.9429824561403508,HIGH,HIGH,HIGH,False,True,163,0.9939024390243902,0.7560975609756098,0.875,True,False,False
2023,2023-09-15 09:00:00,95.0,66.66666666666666,BULL,6.168,6.130878842087832,0.0371211579121677,2.2,False,False,False,False,0.2424493336467123,0.888980890038009,FALSE_<0.5R,False,False,False,True,2023-09-15 10:15:00,4,True,True,False,42.14013676475361,0.8829134226653101,0.9824561403508772,0.543859649122807,0.763157894736842,HIGH,MID,HIGH,False,True,164,0.9575757575757575,0.41818181818181815,0.6878787878787879,True,False,False
2023,2023-09-16 08:00:00,95.0,100.0,BULL,6.298,6.257298338215199,0.0407016617848015,2.2000000000000086,False,False,False,False,0.0245690214145936,0.9090537923396576,FALSE_<0.5R,False,False,False,True,2023-09-16 10:15:00,8,True,True,False,42.08286892151415,1.196419822014616,0.9736842105263158,0.7368421052631579,0.8552631578947368,HIGH,HIGH,HIGH,False,True,165,0.9518072289156626,0.5843373493975904,0.7680722891566265,True,False,False
2023,2023-09-16 11:00:00,95.0,100.0,BULL,6.284,6.24493551350539,0.0390644864946096,2.199999999999996,False,False,False,False,0.0767960945912873,0.9983492296866902,FALSE_<0.5R,False,False,False,True,2023-09-16 12:15:00,4,True,False,False,37.84099617171712,1.0529024763209494,0.9385964912280702,0.6578947368421053,0.7982456140350878,HIGH,MID,HIGH,False,False,166,0.9221556886227545,0.5089820359281437,0.7155688622754491,True,False,False
2023,2023-09-18 22:00:00,95.0,100.0,STRONG_BULL,6.652,6.560645098320762,0.0913549016792378,2.199999999999998,False,False,False,False,0.0766242409693332,0.72245712913946,FALSE_<0.5R,False,False,False,True,2023-09-18 23:30:00,5,True,True,False,41.02459053176333,2.4428765666312247,0.9649122807017544,0.9736842105263158,0.9692982456140352,HIGH,HIGH,HIGH,False,True,167,0.9345238095238095,0.9226190476190477,0.9285714285714286,True,False,False
2023,2023-09-20 22:00:00,95.0,66.66666666666666,BULL,6.952,6.822087245791715,0.1299127542082851,2.199999999999997,False,False,False,False,0.1231595781146145,0.8775119940666267,FALSE_<0.5R,False,False,False,True,2023-09-21 01:30:00,13,True,True,False,25.33190575894678,0.861706446290289,0.5526315789473685,0.5350877192982456,0.543859649122807,MID,MID,MID,False,True,168,0.5502958579881657,0.3905325443786982,0.47041420118343197,False,True,True
2023,2023-09-29 19:00:00,100.0,66.66666666666666,STRONG_BULL,7.979,7.77173126278666,0.2072687372133401,2.199999999999997,True,False,True,True,1.4329223210073396,0.2267587511358404,MIDDLE_0.5-2R,True,True,False,False,,144,True,True,True,14.722114272063514,0.4915698840253446,0.1140350877192982,0.2807017543859649,0.1973684210526315,LOW,LOW,LOW,True,False,169,0.11176470588235295,0.24705882352941178,0.17941176470588235,False,True,True
2023,2023-09-30 23:00:00,95.0,83.33333333333334,STRONG_BULL,8.178,8.071463139562438,0.1065368604375631,2.200000000000004,False,False,False,False,0.7696866573992553,0.8072323480041101,MIDDLE_0.5-2R,True,False,False,True,2023-10-01 07:15:00,32,True,True,False,40.874235831300496,1.4386257036158367,0.956140350877193,0.8421052631578947,0.8991228070175439,HIGH,HIGH,HIGH,False,True,170,0.9298245614035088,0.6608187134502924,0.7953216374269005,True,False,False
2023,2023-10-01 04:00:00,95.0,83.33333333333334,STRONG_BULL,8.163,8.092409371558361,0.0705906284416393,2.19999999999999,False,False,False,False,0.113329491132284,0.6941431331853087,FALSE_<0.5R,False,False,False,True,2023-10-01 06:00:00,7,True,False,False,37.52389183003574,1.1427344157979302,0.9298245614035088,0.7017543859649122,0.8157894736842105,HIGH,HIGH,HIGH,False,False,171,0.9069767441860465,0.5697674418604651,0.7383720930232558,True,False,False
2023,2023-10-08 04:00:00,100.0,83.33333333333334,BULL,7.621,7.566911673842634,0.0540883261573661,2.199999999999993,True,True,False,True,1.6269684468321213,0.5731366119522406,MIDDLE_0.5-2R,True,True,False,True,2023-10-08 11:00:00,27,True,True,False,11.934278209151042,-0.3027749573142002,0.0263157894736842,0.0263157894736842,0.0263157894736842,LOW,LOW,LOW,False,True,172,0.03468208092485549,0.017341040462427744,0.026011560693641616,False,True,True
2023,2023-10-16 05:00:00,95.0,100.0,BULL,7.444,7.375885800675657,0.0681141993243432,2.200000000000005,False,False,False,False,5.696315949519398,0.9836421871592802,RUNNER_>=2R,True,True,True,True,2023-10-17 13:15:00,128,True,True,False,31.20606444983617,0.6782252948279943,0.7543859649122807,0.4035087719298245,0.5789473684210527,HIGH,MID,MID,False,True,173,0.7298850574712644,0.3103448275862069,0.5201149425287357,False,True,True
2023,2023-10-19 15:00:00,98.0,66.66666666666666,BULL,7.396,7.350784167911607,0.0452158320883926,2.200000000000008,True,True,False,False,0.8625297423203099,0.0,MIDDLE_0.5-2R,True,False,False,True,2023-10-19 15:30:00,1,True,True,False,13.47198959074197,-0.2057601302444367,0.0614035087719298,0.0350877192982456,0.0482456140350877,LOW,LOW,LOW,False,True,174,0.05714285714285714,0.02857142857142857,0.04285714285714286,False,True,True
2023,2023-10-20 22:00:00,95.0,83.33333333333334,STRONG_BULL,7.597,7.543672103870079,0.0533278961299217,2.199999999999993,False,False,False,False,0.2812786756757752,0.975099409009384,FALSE_<0.5R,False,False,False,True,2023-10-21 02:45:00,18,True,True,False,33.364949334677625,1.1878155786235522,0.8421052631578947,0.7192982456140351,0.7807017543859649,HIGH,HIGH,HIGH,False,True,175,0.8238636363636364,0.5852272727272727,0.7045454545454546,True,False,False
2023,2023-10-23 19:00:00,95.0,100.0,STRONG_BULL,10.32,9.96344674288642,0.3565532571135801,2.199999999999998,False,False,False,False,2.32784298962554,0.9002862646624067,RUNNER_>=2R,True,True,True,True,2023-10-24 15:30:00,81,True,True,False,36.10090206353335,3.4891114933713,0.9210526315789472,1.0,0.9605263157894736,HIGH,HIGH,HIGH,False,True,176,0.8926553672316384,0.9943502824858758,0.9435028248587571,True,False,False
2023,2023-10-25 19:00:00,95.0,100.0,STRONG_BULL,11.159,10.848625036835902,0.310374963164099,2.199999999999999,False,False,False,False,0.1900926524437644,0.7474829723212559,FALSE_<0.5R,False,False,False,True,2023-10-25 21:45:00,10,True,True,False,26.41382972174423,2.6515312800655,0.6140350877192983,0.9912280701754386,0.8026315789473684,MID,HIGH,HIGH,False,True,177,0.5842696629213483,0.9438202247191011,0.7640449438202247,True,False,False
2023,2023-10-26 23:00:00,100.0,66.66666666666666,STRONG_BULL,11.031,10.72330320254152,0.3076967974584814,2.200000000000001,True,False,True,True,0.367244641261653,0.9522361052182758,FALSE_<0.5R,False,False,False,True,2023-10-27 02:00:00,11,True,True,True,15.16662105255218,-0.3758168920507287,0.1228070175438596,0.0175438596491228,0.0701754385964912,LOW,LOW,LOW,True,False,178,0.12290502793296089,0.01675977653631285,0.06983240223463687,False,True,True
2023,2023-10-27 16:00:00,100.0,100.0,STRONG_BULL,11.057,10.800873281662772,0.256126718337228,2.1999999999999984,False,False,False,False,0.4333792300959842,0.8081936993681978,FALSE_<0.5R,False,False,False,True,2023-10-27 17:15:00,4,True,True,False,20.452603498541603,0.5912198599921537,0.3508771929824561,0.3508771929824561,0.3508771929824561,MID,MID,MID,False,True,179,0.36666666666666664,0.2833333333333333,0.32499999999999996,False,True,True
2023,2023-10-27 18:00:00,100.0,100.0,BULL,11.159,10.806309543069329,0.3526904569306719,2.200000000000002,False,False,False,False,1.4375211748347936,0.9640181448596252,MIDDLE_0.5-2R,True,True,False,True,2023-10-29 00:15:00,120,True,False,False,21.380362713833527,0.6388816234171646,0.4122807017543859,0.3596491228070175,0.3859649122807017,MID,MID,MID,False,False,180,0.4088397790055249,0.292817679558011,0.35082872928176795,False,True,False
2023,2023-10-30 03:00:00,100.0,83.33333333333334,STRONG_BULL,11.22,11.029083354855668,0.1909166451443322,2.2,False,False,False,False,0.1257093114215118,0.7280664286496217,FALSE_<0.5R,False,False,False,True,2023-10-30 05:30:00,9,True,True,False,17.200097822885297,0.2754266532458249,0.1578947368421052,0.1403508771929824,0.1491228070175438,LOW,LOW,LOW,False,True,181,0.17032967032967034,0.12637362637362637,0.14835164835164835,False,True,True
2023,2023-10-31 09:00:00,100.0,66.66666666666666,STRONG_BULL,11.554,11.30314334508599,0.2508566549140099,2.200000000000003,False,False,False,False,0.3029618649186414,0.9766533803298284,FALSE_<0.5R,False,False,False,True,2023-10-31 13:00:00,15,True,True,False,35.63404800558172,1.1442064930767382,0.9035087719298246,0.7105263157894737,0.8070175438596492,HIGH,HIGH,HIGH,False,True,182,0.8852459016393442,0.5792349726775956,0.7322404371584699,True,False,False
2023,2023-11-03 19:00:00,95.0,100.0,BULL,11.224,11.060864299447209,0.1631357005527913,2.199999999999996,False,False,False,False,8.183371239258495,0.471999689455359,RUNNER_>=2R,True,True,True,False,,144,True,True,False,18.348880669664418,0.2010338492220098,0.2017543859649122,0.1052631578947368,0.1535087719298245,LOW,LOW,LOW,False,True,183,0.23369565217391305,0.09782608695652174,0.1657608695652174,False,True,True
2023,2023-11-04 06:00:00,95.0,83.33333333333334,STRONG_BULL,11.317,11.177962110232258,0.1390378897677422,2.200000000000005,False,False,False,False,1.3161879852009746,0.6329209983480171,MIDDLE_0.5-2R,True,True,False,True,2023-11-04 08:15:00,8,True,False,False,20.167506128466187,0.7872695162296495,0.3245614035087719,0.4473684210526316,0.3859649122807017,LOW,MID,MID,False,False,184,0.35135135135135137,0.3675675675675676,0.35945945945945945,False,True,False
2023,2023-11-05 23:00:00,99.0,83.33333333333334,STRONG_BULL,12.118,11.821349044373896,0.2966509556261041,2.2000000000000024,True,False,True,True,4.1193192768278015,0.0,RUNNER_>=2R,True,True,True,False,,144,True,True,True,22.678226163513887,1.2642786510359327,0.4649122807017544,0.7631578947368421,0.6140350877192983,MID,HIGH,MID,True,False,185,0.4731182795698925,0.6129032258064516,0.543010752688172,False,True,True
2023,2023-11-07 04:00:00,100.0,100.0,STRONG_BULL,12.994,12.660019834871653,0.3339801651283469,2.2,False,False,False,False,1.0359896668325617,0.8293905714237536,MIDDLE_0.5-2R,True,True,False,True,2023-11-07 10:15:00,24,True,True,False,38.647602311111854,2.367241646162377,0.9473684210526316,0.956140350877193,0.9517543859649122,HIGH,HIGH,HIGH,False,True,186,0.93048128342246,0.8877005347593583,0.9090909090909092,True,False,False
2023,2023-11-11 03:00:00,95.0,83.33333333333334,STRONG_BULL,15.161,14.832623967100618,0.3283760328993814,2.199999999999998,False,False,False,False,0.063951074061594,0.685190079231338,FALSE_<0.5R,False,False,False,True,2023-11-11 04:15:00,4,True,True,False,22.060182027553893,2.0541169271775184,0.4561403508771929,0.912280701754386,0.6842105263157894,MID,HIGH,HIGH,False,True,187,0.4521276595744681,0.8191489361702128,0.6356382978723405,False,True,True
2023,2023-11-11 13:00:00,98.0,66.66666666666666,STRONG_BULL,15.239,14.860046871214342,0.3789531287856587,2.200000000000003,True,False,True,True,3.5914731839298306,0.3404114920844619,RUNNER_>=2R,True,True,True,False,,144,True,False,True,13.012423366871458,0.995178799622809,0.0526315789473684,0.6052631578947368,0.3289473684210526,LOW,MID,LOW,False,False,188,0.047619047619047616,0.4656084656084656,0.2566137566137566,False,True,False
2023,2023-11-12 06:00:00,95.0,83.33333333333334,STRONG_BULL,15.862,15.491790077493818,0.3702099225061825,2.200000000000002,False,False,False,False,1.382999127991898,0.6942007341678091,MIDDLE_0.5-2R,True,True,False,True,2023-11-13 04:00:00,87,True,True,False,18.83263433635989,2.56746709119271,0.2543859649122807,0.9824561403508772,0.618421052631579,LOW,HIGH,MID,False,True,189,0.2789473684210526,0.9368421052631579,0.6078947368421053,False,True,True
2023,2023-11-12 20:00:00,98.0,83.33333333333334,BULL,16.286,15.722641696424498,0.5633583035755034,2.2000000000000006,True,False,True,True,0.1562060937798945,0.9674127398868786,FALSE_<0.5R,False,False,False,True,2023-11-13 03:15:00,28,True,True,True,12.484804625205378,1.2328611963723146,0.043859649122807,0.7543859649122807,0.3991228070175439,LOW,HIGH,MID,True,False,190,0.041884816753926704,0.6020942408376964,0.32198952879581155,False,True,True
2023,2023-11-13 01:00:00,100.0,100.0,STRONG_BULL,16.225,15.818128318052777,0.4068716819472264,2.1999999999999984,False,False,False,False,0.1843333004672643,0.8479331821494254,FALSE_<0.5R,False,False,False,True,2023-11-13 03:00:00,7,True,False,False,12.10558386319516,1.2074374948160216,0.0350877192982456,0.7456140350877193,0.3903508771929824,LOW,HIGH,MID,False,False,191,0.036458333333333336,0.5989583333333334,0.31770833333333337,False,True,False
2023,2023-11-20 15:00:00,100.0,100.0,STRONG_BULL,15.163,14.839068684468003,0.3239313155319969,2.199999999999998,False,False,False,False,0.68533046777341,0.7902909898648355,MIDDLE_0.5-2R,True,False,False,True,2023-11-20 17:00:00,7,True,True,False,28.409945487259883,2.3767833358661505,0.6842105263157895,0.9649122807017544,0.8245614035087719,HIGH,HIGH,HIGH,False,True,192,0.6528497409326425,0.8860103626943006,0.7694300518134716,True,False,False
2023,2023-11-22 19:00:00,100.0,83.33333333333334,BULL,14.467,14.142768041252316,0.3242319587476849,2.2,True,False,True,True,0.5829160109015612,0.9653582614401532,MIDDLE_0.5-2R,True,False,False,True,2023-11-23 15:30:00,81,True,True,True,20.26612469644093,0.1192458665433937,0.3333333333333333,0.0964912280701754,0.2149122807017544,LOW,LOW,LOW,True,False,193,0.36597938144329895,0.08247422680412371,0.22422680412371132,False,True,True
2023,2023-11-25 16:00:00,95.0,100.0,STRONG_BULL,14.79,14.607598409712187,0.1824015902878102,2.199999999999998,False,False,False,False,2.976947729146468,0.9100797846009364,RUNNER_>=2R,True,True,True,True,2023-11-26 16:30:00,97,True,True,False,27.65153524101102,0.841781034026523,0.6491228070175439,0.5175438596491229,0.5833333333333334,MID,MID,MID,False,True,194,0.6307692307692307,0.38974358974358975,0.5102564102564102,False,True,True
2023,2023-11-25 19:00:00,95.0,100.0,STRONG_BULL,14.787,14.622958639263002,0.1640413607369986,2.199999999999996,False,False,False,False,3.3284288642020035,0.993651840411956,RUNNER_>=2R,True,True,True,True,2023-11-26 16:30:00,85,True,False,False,27.683962589600664,0.7963796109625276,0.6578947368421053,0.4649122807017544,0.5614035087719298,MID,MID,MID,False,False,195,0.6326530612244898,0.3622448979591837,0.49744897959183676,False,True,False
2023,2023-11-25 22:00:00,95.0,83.33333333333334,STRONG_BULL,14.75,14.625240353666475,0.1247596463335227,2.199999999999997,False,False,False,False,0.8977261742197311,0.5610788588873338,MIDDLE_0.5-2R,True,False,False,True,2023-11-26 02:00:00,15,True,False,False,26.794404560495398,0.6449768799596578,0.6228070175438597,0.3771929824561403,0.5,MID,MID,MID,False,False,196,0.5989847715736041,0.29441624365482233,0.4467005076142132,False,True,False
2023,2023-11-26 00:00:00,95.0,83.33333333333334,STRONG_BULL,14.762,14.643478672294057,0.1185213277059453,2.200000000000003,False,False,False,False,0.8437300014736787,0.5821737010168475,MIDDLE_0.5-2R,True,False,False,True,2023-11-26 02:00:00,7,True,False,False,26.376818476338205,0.5715501640560561,0.6052631578947368,0.3333333333333333,0.4692982456140351,MID,LOW,MID,False,False,197,0.5858585858585859,0.2676767676767677,0.4267676767676768,False,True,False
2023,2023-11-26 01:00:00,100.0,83.33333333333334,STRONG_BULL,14.851,14.644197847611071,0.2068021523889296,2.2,True,False,True,False,0.0,0.7640152589072337,FALSE_<0.5R,False,False,False,True,2023-11-26 02:00:00,3,True,False,True,26.93056160346382,0.5660168342836558,0.631578947368421,0.3245614035087719,0.4780701754385965,MID,LOW,MID,False,False,198,0.6030150753768844,0.2663316582914573,0.4346733668341708,False,True,False
2023,2023-11-27 01:00:00,100.0,100.0,BULL,15.227,14.787976622617553,0.4390233773824477,2.200000000000004,True,False,True,True,0.1662781613936874,0.8815020336898188,FALSE_<0.5R,False,False,False,True,2023-11-27 03:15:00,8,True,True,True,28.566072244886605,0.0843260233095888,0.7017543859649122,0.0789473684210526,0.3903508771929824,HIGH,LOW,MID,True,False,199,0.675,0.075,0.375,False,True,True
2023,2023-11-29 20:00:00,95.0,66.66666666666666,BULL,14.645,14.490201109235263,0.1547988907647361,2.2000000000000024,False,False,False,False,0.1098199083728441,0.6201594825760165,FALSE_<0.5R,False,False,False,True,2023-11-29 20:45:00,2,True,True,False,18.57639066405161,0.5606507796442672,0.2368421052631578,0.3157894736842105,0.2763157894736842,LOW,LOW,LOW,False,True,200,0.26865671641791045,0.26865671641791045,0.26865671641791045,False,True,True
2023,2023-12-03 04:00:00,100.0,83.33333333333334,STRONG_BULL,15.949,15.790830354479091,0.1581696455209087,2.200000000000009,False,False,False,False,2.1559130317132937,0.4931413972833899,RUNNER_>=2R,True,True,True,True,2023-12-03 13:00:00,35,True,True,False,43.41646360778304,2.232692650209977,0.9912280701754386,0.9385964912280702,0.9649122807017544,HIGH,HIGH,HIGH,False,True,201,0.9702970297029703,0.8712871287128713,0.9207920792079207,True,False,False
2023,2023-12-21 16:00:00,100.0,83.33333333333334,BULL,14.966,14.519820867807011,0.446179132192988,2.2000000000000006,False,False,False,False,1.710075494229918,0.1636114168791372,MIDDLE_0.5-2R,True,True,False,False,,144,True,True,False,25.77464570703763,0.9429109039804427,0.5964912280701754,0.5614035087719298,0.5789473684210527,MID,MID,MID,False,True,202,0.5665024630541872,0.4482758620689655,0.5073891625615763,False,True,True
2023,2023-12-22 12:00:00,95.0,66.66666666666666,STRONG_BULL,15.322,15.01108056216675,0.3109194378332489,2.2000000000000024,False,False,False,False,1.1835863417370664,0.9584476354283844,MIDDLE_0.5-2R,True,True,False,True,2023-12-23 03:00:00,59,True,True,False,32.761968338381365,1.6663231177128868,0.8245614035087719,0.8771929824561403,0.8508771929824561,HIGH,HIGH,HIGH,False,True,203,0.8137254901960784,0.7401960784313726,0.7769607843137255,True,False,False
2023,2023-12-22 14:00:00,95.0,83.33333333333334,STRONG_BULL,15.397,15.02785159090339,0.3691484090966099,2.199999999999997,False,False,False,False,0.7937187125282128,0.9806354059222316,MIDDLE_0.5-2R,True,False,False,True,2023-12-23 02:15:00,48,True,False,False,32.32493515370119,1.484841998602637,0.7982456140350878,0.8596491228070176,0.8289473684210527,HIGH,HIGH,HIGH,False,False,204,0.8,0.6926829268292682,0.7463414634146341,True,False,False
2023,2023-12-22 15:00:00,100.0,66.66666666666666,STRONG_BULL,15.502,15.053356145453222,0.4486438545467788,2.1999999999999984,False,False,False,False,0.4190406222992108,0.7355500285039387,FALSE_<0.5R,False,False,False,True,2023-12-23 02:00:00,43,True,False,False,32.7141843799322,1.488406843400658,0.8157894736842105,0.868421052631579,0.8421052631578947,HIGH,HIGH,HIGH,False,False,205,0.8106796116504854,0.6941747572815534,0.7524271844660194,True,False,False
2023,2023-12-22 21:00:00,95.0,66.66666666666666,STRONG_BULL,15.41,15.172640857001586,0.2373591429984145,2.2,False,False,False,False,0.4971369482943765,0.994273896588753,FALSE_<0.5R,False,False,False,True,2023-12-23 01:45:00,18,True,False,False,31.67898088538964,1.3649592447840364,0.7719298245614035,0.8157894736842105,0.7938596491228069,HIGH,HIGH,HIGH,False,False,206,0.7584541062801933,0.6328502415458938,0.6956521739130435,True,False,False
2023,2023-12-23 00:00:00,95.0,66.66666666666666,STRONG_BULL,15.479,15.256074765937235,0.2229252340627638,2.200000000000004,False,False,False,False,0.2198046363212765,0.9823921500889428,FALSE_<0.5R,False,False,False,True,2023-12-23 01:15:00,4,True,True,False,28.30312416186872,1.3622758218554631,0.6754385964912281,0.8070175438596491,0.7412280701754386,HIGH,HIGH,HIGH,False,True,207,0.6346153846153846,0.6298076923076923,0.6322115384615384,False,True,True
2023,2023-12-23 12:00:00,95.0,83.33333333333334,BULL,15.267,15.073149031450756,0.1938509685492437,2.200000000000004,False,True,False,False,3.523325186928318,0.8099005188107558,RUNNER_>=2R,True,True,True,False,,144,True,True,False,20.799082160302945,0.045713318420204,0.3771929824561403,0.0526315789473684,0.2149122807017544,MID,LOW,LOW,False,True,208,0.37799043062200954,0.05263157894736842,0.21531100478468898,False,True,True
2023,2023-12-24 02:00:00,100.0,83.33333333333334,STRONG_BULL,15.758,15.407585165388769,0.3504148346112323,2.2,False,False,False,False,0.442332871472082,0.5479220085331511,FALSE_<0.5R,False,False,False,True,2023-12-24 05:45:00,14,True,True,False,29.59720990466375,1.314830197602035,0.7368421052631579,0.7807017543859649,0.7587719298245614,HIGH,HIGH,HIGH,False,True,209,0.7095238095238096,0.6142857142857143,0.661904761904762,False,True,True
2023,2023-12-24 10:00:00,95.0,83.33333333333334,STRONG_BULL,15.664,15.43412773284738,0.2298722671526203,2.199999999999994,False,False,False,False,1.2441692229455157,0.9788044586109824,MIDDLE_0.5-2R,True,True,False,True,2023-12-24 22:15:00,48,True,False,False,23.316047505002544,0.8155979740474661,0.4912280701754385,0.4736842105263157,0.4824561403508771,MID,MID,MID,False,False,210,0.47393364928909953,0.3696682464454976,0.4218009478672986,False,True,False
2023,2023-12-24 13:00:00,100.0,66.66666666666666,STRONG_BULL,15.745,15.459082403116746,0.2859175968832534,2.200000000000005,False,False,False,False,0.7169897978811921,0.7939350444830707,MIDDLE_0.5-2R,True,False,False,True,2023-12-24 22:15:00,36,True,False,False,23.69606519536921,0.7638269318089641,0.5,0.4385964912280701,0.4692982456140351,MID,MID,MID,False,False,211,0.4858490566037736,0.35377358490566035,0.41981132075471694,False,True,False
2024,2024-01-30 14:00:00,100.0,83.33333333333334,STRONG_BULL,15.099,14.917703205893025,0.1812967941069754,2.2,False,False,False,False,5.300700460444733,0.3309490401942633,RUNNER_>=2R,True,True,True,False,,144,True,True,False,25.48886281937717,1.134497888107422,0.5333333333333333,0.4555555555555555,0.4944444444444444,MID,MID,MID,False,True,212,0.539906103286385,0.5586854460093896,0.5492957746478873,False,True,True
2024,2024-01-31 16:00:00,100.0,100.0,BULL,15.708,15.484015043323444,0.2239849566765563,2.2000000000000046,False,False,False,False,0.6964753451066408,0.8616650102921852,MIDDLE_0.5-2R,True,False,False,True,2024-01-31 20:15:00,16,True,True,False,29.59046391786742,1.472299192966675,0.7,0.6444444444444445,0.6722222222222223,HIGH,MID,HIGH,False,True,213,0.7102803738317757,0.6915887850467289,0.7009345794392523,True,False,False
2024,2024-02-03 11:00:00,95.0,83.33333333333334,BULL,18.042,17.669153741695094,0.3728462583049072,2.200000000000002,False,True,False,False,0.1421497435456487,0.9414067921608612,FALSE_<0.5R,False,False,False,True,2024-02-03 18:15:00,28,True,True,False,32.48966043807059,1.2927166011740487,0.8111111111111111,0.5555555555555556,0.6833333333333333,HIGH,MID,HIGH,False,True,214,0.813953488372093,0.6139534883720931,0.713953488372093,True,False,False
2024,2024-02-04 12:00:00,100.0,100.0,BULL,18.159,17.689715263428756,0.4692847365712431,2.199999999999997,True,False,True,True,3.4840255234932163,0.7522085686807934,RUNNER_>=2R,True,True,True,False,,144,True,True,True,14.996051853222694,0.5391234675508949,0.0888888888888888,0.2777777777777778,0.1833333333333333,LOW,LOW,LOW,True,False,215,0.11574074074074074,0.25462962962962965,0.1851851851851852,False,True,True
2024,2024-02-10 18:00:00,98.0,83.33333333333334,STRONG_BULL,18.426,18.27229990874607,0.1537000912539277,2.2,True,False,True,False,14.638898270286504,0.1366297171893227,RUNNER_>=2R,True,True,True,False,,144,True,True,True,11.477538240582104,-0.2887879546157101,0.0222222222222222,0.0333333333333333,0.0277777777777777,LOW,LOW,LOW,True,False,216,0.027649769585253458,0.02304147465437788,0.02534562211981567,False,True,True
2024,2024-02-12 00:00:00,95.0,100.0,STRONG_BULL,20.146,19.932052939056053,0.2139470609439477,2.1999999999999966,False,False,False,False,2.266915927052932,0.2103324056028575,RUNNER_>=2R,True,True,True,True,2024-02-12 02:15:00,8,True,True,False,36.9928055530273,2.2413606199896963,0.9,0.9444444444444444,0.9222222222222224,HIGH,HIGH,HIGH,False,True,217,0.9128440366972477,0.8807339449541285,0.8967889908256881,True,False,False
2024,2024-02-12 07:00:00,100.0,100.0,BULL,20.235,19.903241502495487,0.3317584975045129,2.2,False,False,False,False,1.8386868899769528,0.8620728697268932,MIDDLE_0.5-2R,True,True,False,True,2024-02-12 14:45:00,30,True,False,False,29.25897019053786,1.497599198310673,0.6888888888888889,0.6888888888888889,0.6888888888888889,HIGH,HIGH,HIGH,False,False,218,0.6986301369863014,0.7077625570776256,0.7031963470319635,True,False,False
2024,2024-02-14 03:00:00,99.0,100.0,STRONG_BULL,20.131,19.91578315335768,0.2152168466423241,2.200000000000004,True,False,True,False,0.2044449618441139,0.8828305170541249,FALSE_<0.5R,False,False,False,True,2024-02-14 05:00:00,7,True,True,True,19.9429519824546,-0.4547952741697392,0.2888888888888888,0.0222222222222222,0.1555555555555555,LOW,LOW,LOW,True,False,219,0.3181818181818182,0.013636363636363636,0.1659090909090909,False,True,True
2024,2024-02-14 08:00:00,95.0,83.33333333333334,STRONG_BULL,20.088,19.899085662149016,0.188914337850985,2.2,False,False,False,False,1.8103443279660816,0.6987293897413049,MIDDLE_0.5-2R,True,True,False,True,2024-02-14 15:15:00,28,True,False,False,17.611524754582874,-0.1063537945438786,0.2,0.0777777777777777,0.1388888888888889,LOW,LOW,LOW,False,False,220,0.18099547511312217,0.04072398190045249,0.11085972850678733,False,True,False
2024,2024-02-14 09:00:00,98.0,66.66666666666666,STRONG_BULL,20.25,19.942441960766,0.3075580392339994,2.2,True,False,True,True,0.5852553893512448,0.7250663990295955,MIDDLE_0.5-2R,True,False,False,True,2024-02-14 15:15:00,24,True,False,False,16.794703765128506,-0.0084964344678639,0.1444444444444444,0.1111111111111111,0.1277777777777777,LOW,LOW,LOW,False,False,221,0.15765765765765766,0.05405405405405406,0.10585585585585586,False,True,False
2024,2024-02-16 06:00:00,100.0,66.66666666666666,STRONG_BULL,20.201,19.98313596324242,0.2178640367575788,2.200000000000004,True,False,True,True,0.5003120369117389,0.8904636253291602,MIDDLE_0.5-2R,True,False,False,True,2024-02-16 07:30:00,5,True,True,True,11.71832991839995,-0.1859137555679124,0.0333333333333333,0.0666666666666666,0.05,LOW,LOW,LOW,True,False,222,0.03139013452914798,0.04035874439461883,0.03587443946188341,False,True,True
2024,2024-02-18 10:00:00,100.0,100.0,STRONG_BULL,20.069,19.79609501144152,0.2729049885584835,2.199999999999997,False,False,False,False,1.113940795314025,0.8720983858050515,MIDDLE_0.5-2R,True,True,False,True,2024-02-19 10:30:00,97,True,True,False,12.21635171924423,0.4239564479958657,0.0444444444444444,0.2,0.1222222222222222,LOW,LOW,LOW,False,True,223,0.044642857142857144,0.21428571428571427,0.1294642857142857,False,True,True
2024,2024-03-01 23:00:00,98.0,66.66666666666666,STRONG_BULL,19.966,19.67536593051638,0.2906340694836196,2.2,True,False,True,False,5.931857896299272,0.0344075284008132,RUNNER_>=2R,True,True,True,True,2024-03-03 07:30:00,129,True,True,True,8.361987646521703,0.4800809984088161,0.0111111111111111,0.2333333333333333,0.1222222222222222,LOW,LOW,LOW,True,False,224,0.008888888888888889,0.23555555555555555,0.12222222222222222,False,True,True
2024,2024-03-10 22:00:00,100.0,83.33333333333334,STRONG_BULL,20.174,19.832910772722293,0.3410892272777062,2.200000000000004,True,False,True,True,7.898226576961378,0.3518141014236725,RUNNER_>=2R,True,True,True,False,,144,True,True,True,23.480372112108903,-0.2217701508831271,0.4222222222222222,0.0444444444444444,0.2333333333333333,MID,LOW,LOW,True,False,225,0.48672566371681414,0.035398230088495575,0.26106194690265483,False,True,True
2024,2024-03-11 21:00:00,95.0,83.33333333333334,STRONG_BULL,21.247,20.890916544760632,0.3560834552393679,2.199999999999998,False,False,False,False,0.6009827102361234,0.7442075617410002,MIDDLE_0.5-2R,True,False,False,True,2024-03-12 04:00:00,27,True,True,False,33.5413895282984,1.5768920850197432,0.8333333333333334,0.7444444444444445,0.788888888888889,HIGH,HIGH,HIGH,False,True,226,0.8458149779735683,0.73568281938326,0.7907488986784141,True,False,False
2024,2024-03-13 07:00:00,95.0,100.0,STRONG_BULL,20.828,20.578754595407474,0.2492454045925249,2.200000000000003,False,False,False,False,0.5295985304756154,0.706131373967473,MIDDLE_0.5-2R,True,False,False,True,2024-03-13 12:45:00,22,True,True,False,26.639315625925228,-0.0278076447579267,0.5777777777777777,0.1,0.3388888888888888,MID,LOW,MID,False,True,227,0.5877192982456141,0.06140350877192982,0.32456140350877194,False,True,True
2024,2024-03-13 11:00:00,100.0,83.33333333333334,STRONG_BULL,20.872,20.63109085410301,0.2409091458969889,2.200000000000003,False,False,False,False,0.0249056546926026,0.9132073387287226,FALSE_<0.5R,False,False,False,True,2024-03-13 12:45:00,6,True,False,False,20.48108525005395,0.1813174023767905,0.3,0.1333333333333333,0.2166666666666666,LOW,LOW,LOW,False,False,228,0.36681222707423583,0.1222707423580786,0.24454148471615722,False,True,False
2024,2024-03-26 15:00:00,95.0,100.0,STRONG_BULL,20.309,19.7569280538112,0.5520719461888,2.200000000000001,False,False,False,False,0.0126795068076217,0.909301773918297,FALSE_<0.5R,False,False,False,True,2024-03-26 16:45:00,6,True,True,False,44.30968343331487,2.600085841073829,0.9666666666666668,0.9666666666666668,0.9666666666666668,HIGH,HIGH,HIGH,False,True,229,0.9739130434782609,0.9478260869565217,0.9608695652173913,True,False,False
2024,2024-03-27 00:00:00,95.0,83.33333333333334,STRONG_BULL,20.007,19.752178374114653,0.2548216258853486,2.2,False,False,False,False,0.7024521540433762,0.8358788201745311,MIDDLE_0.5-2R,True,False,False,True,2024-03-27 05:00:00,19,True,False,False,25.582247516112474,1.4951404800201962,0.5555555555555556,0.6777777777777778,0.6166666666666667,MID,HIGH,MID,False,False,230,0.5454545454545454,0.70995670995671,0.6277056277056277,False,True,True
2024,2024-03-27 01:00:00,100.0,83.33333333333334,STRONG_BULL,20.104,19.76952956508699,0.3344704349130083,2.199999999999996,False,False,False,False,0.2451636720038587,0.9268382722096976,FALSE_<0.5R,False,False,False,True,2024-03-27 05:00:00,15,True,False,False,24.21447753904009,1.3688248321932717,0.4777777777777778,0.6,0.5388888888888889,MID,MID,MID,False,False,231,0.5086206896551724,0.646551724137931,0.5775862068965517,False,True,False
2024,2024-03-27 03:00:00,95.0,83.33333333333334,STRONG_BULL,20.077,19.79929919697977,0.2777008030202239,2.200000000000005,False,False,False,False,0.0180049893468794,0.9974764098173248,FALSE_<0.5R,False,False,False,True,2024-03-27 04:45:00,6,True,True,False,22.03235055821762,1.1538979688460185,0.3666666666666666,0.4666666666666667,0.4166666666666666,MID,MID,MID,False,True,232,0.4334763948497854,0.575107296137339,0.5042918454935622,False,True,False
2024,2024-04-08 08:00:00,100.0,66.66666666666666,STRONG_BULL,17.964,17.657989590569255,0.3060104094307441,2.199999999999996,True,False,True,True,2.329986098598277,0.9770909445734682,RUNNER_>=2R,True,True,True,True,2024-04-09 08:15:00,96,True,True,True,18.420636928840597,0.2552697963251082,0.2444444444444444,0.1666666666666666,0.2055555555555555,LOW,LOW,LOW,True,False,233,0.24786324786324787,0.14957264957264957,0.19871794871794873,False,True,True
2024,2024-04-21 11:00:00,95.0,66.66666666666666,BULL,14.871,14.735395152389302,0.1356048476106988,2.199999999999995,False,False,False,False,0.5973237788116423,0.8038060727218445,MIDDLE_0.5-2R,True,False,False,True,2024-04-21 14:00:00,11,True,True,False,31.427458007295748,2.0522932881263056,0.7555555555555555,0.9,0.8277777777777777,HIGH,HIGH,HIGH,False,True,234,0.7617021276595745,0.8297872340425532,0.7957446808510638,True,False,False
2024,2024-04-22 20:00:00,95.0,66.66666666666666,BULL,15.398,15.214662621147866,0.1833373788521335,2.200000000000002,False,False,False,False,1.3363341481913518,0.9163434159026336,MIDDLE_0.5-2R,True,True,False,True,2024-04-23 11:45:00,62,True,True,False,19.18411782072854,1.2453581866407548,0.2666666666666666,0.5222222222222223,0.3944444444444445,LOW,MID,MID,False,True,235,0.288135593220339,0.6059322033898306,0.4470338983050848,False,True,True
2024,2024-05-05 01:00:00,100.0,83.33333333333334,BULL,14.35,14.245394457566142,0.1046055424338572,2.1999999999999966,False,False,False,False,0.1625152893858415,0.6596208804483589,FALSE_<0.5R,False,False,False,True,2024-05-05 01:30:00,1,True,True,False,49.81396851949504,1.288898628486912,0.9888888888888888,0.5444444444444444,0.7666666666666666,HIGH,MID,HIGH,False,True,236,0.9915611814345991,0.6160337552742616,0.8037974683544304,True,False,False
2024,2024-05-05 09:00:00,95.0,66.66666666666666,BULL,14.31,14.169743833341457,0.1402561666585438,2.2000000000000024,False,False,False,False,6.09598864969347,0.6773320721881689,RUNNER_>=2R,True,True,True,False,,144,True,False,False,31.66595012183857,0.6848176807433548,0.7777777777777778,0.3555555555555555,0.5666666666666667,HIGH,MID,MID,False,False,237,0.7647058823529411,0.3403361344537815,0.5525210084033614,False,True,True
2024,2024-05-05 12:00:00,95.0,83.33333333333334,BULL,14.302,14.182250922602906,0.1197490773970937,2.200000000000003,False,False,False,False,7.206736108189375,0.7265191673377452,RUNNER_>=2R,True,True,True,False,,144,True,False,False,29.229713556596515,0.5788118270867004,0.6777777777777778,0.3222222222222222,0.5,HIGH,LOW,MID,False,False,238,0.698744769874477,0.29707112970711297,0.497907949790795,False,True,False
2024,2024-05-05 14:00:00,100.0,66.66666666666666,BULL,14.314,14.192430166100884,0.121569833899116,2.200000000000003,True,False,True,False,7.000091821349335,0.4853177643473632,RUNNER_>=2R,True,True,True,False,,144,True,True,True,27.076608811980037,0.5256032203581729,0.6,0.2444444444444444,0.4222222222222222,MID,LOW,MID,True,False,239,0.6041666666666666,0.2708333333333333,0.4375,False,True,False
2024,2024-05-05 15:00:00,100.0,66.66666666666666,BULL,14.399,14.203681541130589,0.1953184588694103,2.199999999999996,True,True,False,True,3.921800348179824,0.6246209431826867,RUNNER_>=2R,True,True,True,False,,144,True,False,False,26.605135917937915,0.5754295783543473,0.5666666666666667,0.3111111111111111,0.4388888888888889,MID,LOW,MID,False,False,240,0.5809128630705395,0.2987551867219917,0.43983402489626555,False,True,False
2024,2024-05-05 22:00:00,100.0,83.33333333333334,BULL,14.36,14.260304914360203,0.0996950856397944,2.1999999999999966,False,False,False,False,8.074620677979283,0.8325385295307853,RUNNER_>=2R,True,True,True,True,2024-05-07 03:30:00,117,True,False,False,26.81995642802487,0.7382864721624527,0.5888888888888889,0.3888888888888889,0.4888888888888889,MID,MID,MID,False,False,241,0.5909090909090909,0.36363636363636365,0.4772727272727273,False,True,True
2024,2024-05-06 00:00:00,95.0,66.66666666666666,BULL,14.371,14.276460870035075,0.0945391299649252,2.199999999999996,False,False,False,False,8.398638746671134,0.9942972823515086,RUNNER_>=2R,True,True,True,True,2024-05-07 03:30:00,109,True,False,False,25.003102301743127,0.7184372059052979,0.5111111111111111,0.3666666666666666,0.4388888888888889,MID,MID,MID,False,False,242,0.522633744855967,0.35802469135802467,0.4403292181069959,False,True,False
2024,2024-05-06 04:00:00,95.0,66.66666666666666,STRONG_BULL,14.377,14.280696374142853,0.0963036258571481,2.2,False,False,False,False,8.18245411827876,0.2492118005567233,RUNNER_>=2R,True,True,True,True,2024-05-07 03:30:00,93,True,True,False,23.512775195184524,0.597283744020416,0.4333333333333333,0.3333333333333333,0.3833333333333333,MID,LOW,MID,False,True,243,0.4713114754098361,0.3073770491803279,0.389344262295082,False,True,False
2024,2024-05-16 10:00:00,100.0,66.66666666666666,BULL,13.894,13.77497684513156,0.1190231548684401,2.199999999999997,False,False,False,False,0.0084017265472821,0.9073864671069772,FALSE_<0.5R,False,False,False,True,2024-05-16 12:30:00,9,True,True,False,38.13055818443867,1.5622468235360731,0.9444444444444444,0.7333333333333333,0.8388888888888888,HIGH,HIGH,HIGH,False,True,244,0.926530612244898,0.7387755102040816,0.8326530612244898,True,False,False
2024,2024-05-19 14:00:00,100.0,100.0,STRONG_BULL,16.656,16.32101840354923,0.3349815964507705,2.200000000000002,False,False,False,False,2.4001318535663474,0.9821435072429344,RUNNER_>=2R,True,True,True,False,,144,True,True,False,37.61782476248368,1.4389338877804914,0.9222222222222224,0.6333333333333333,0.7777777777777778,HIGH,MID,HIGH,False,True,245,0.9146341463414634,0.6910569105691057,0.8028455284552846,True,False,False
2024,2024-05-20 03:00:00,100.0,100.0,BULL,16.824,16.462800585452193,0.3611994145478086,2.199999999999996,False,False,False,False,1.0908101844330322,0.8222604689761741,MIDDLE_0.5-2R,True,True,False,True,2024-05-20 12:45:00,38,True,True,False,25.51360502524867,1.2315481345757997,0.5444444444444444,0.5111111111111111,0.5277777777777777,MID,MID,MID,False,True,246,0.5344129554655871,0.6032388663967612,0.5688259109311742,False,True,True
2024,2024-05-23 12:00:00,100.0,66.66666666666666,STRONG_BULL,16.699,16.517055718355365,0.1819442816446361,2.199999999999996,False,False,False,False,0.5990845055130184,0.1703818318431678,MIDDLE_0.5-2R,True,False,False,True,2024-05-23 13:00:00,3,True,True,False,14.44551258783216,-0.1931732417359777,0.0777777777777777,0.0555555555555555,0.0666666666666666,LOW,LOW,LOW,False,True,247,0.09274193548387097,0.04032258064516129,0.06653225806451613,False,True,True
2024,2024-05-24 18:00:00,100.0,100.0,BULL,17.372,16.93434290207965,0.4376570979203507,2.200000000000001,False,False,False,False,0.3792923747582193,0.9299517863047888,FALSE_<0.5R,False,False,False,True,2024-05-25 13:45:00,78,True,True,False,17.528899284759685,1.5836573022473877,0.1888888888888888,0.7777777777777778,0.4833333333333333,LOW,HIGH,MID,False,True,248,0.18072289156626506,0.751004016064257,0.46586345381526106,False,True,True
2024,2024-07-21 15:00:00,99.0,100.0,STRONG_BULL,14.551,14.217627808738133,0.3333721912618692,2.2,True,False,True,True,0.6779209721859267,0.5699335606872843,MIDDLE_0.5-2R,True,False,False,True,2024-07-21 18:15:00,12,True,True,True,27.95420164667433,0.4781630971769424,0.6444444444444445,0.2222222222222222,0.4333333333333333,MID,LOW,MID,True,False,249,0.64,0.232,0.436,False,True,True
2024,2024-07-22 03:00:00,95.0,66.66666666666666,STRONG_BULL,14.591,14.392037788810564,0.1989622111894355,2.200000000000002,False,False,False,False,0.0452347204335765,0.8594596882379194,FALSE_<0.5R,False,False,False,True,2024-07-22 05:45:00,10,True,True,False,32.150767785693056,1.4856477327061637,0.8,0.6666666666666666,0.7333333333333334,HIGH,MID,HIGH,False,True,250,0.7848605577689243,0.7131474103585658,0.749003984063745,True,False,False
2024,2024-08-20 14:00:00,100.0,66.66666666666666,BULL,10.44,10.351602770483218,0.0883972295167812,2.2,False,False,False,False,0.0,0.0,FALSE_<0.5R,False,False,False,True,2024-08-20 14:15:00,0,True,True,False,30.11846448967285,1.1299255034370903,0.7222222222222222,0.4444444444444444,0.5833333333333333,HIGH,MID,MID,False,True,251,0.7222222222222222,0.5555555555555556,0.6388888888888888,False,True,True
2024,2024-08-23 13:00:00,100.0,100.0,BULL,11.67,11.47775804927062,0.1922419507293788,2.199999999999998,False,False,False,False,0.7802667390280336,0.4681600434168183,MIDDLE_0.5-2R,True,False,False,True,2024-08-23 15:00:00,7,True,True,False,50.65139302782475,1.8536531996900416,1.0,0.8555555555555555,0.9277777777777778,HIGH,HIGH,HIGH,False,True,252,0.9960474308300395,0.8221343873517787,0.9090909090909092,True,False,False
2024,2024-08-25 14:00:00,100.0,100.0,STRONG_BULL,12.2,12.067282891298497,0.1327171087015024,2.199999999999995,True,False,True,True,0.9041788294973798,0.9795270652888124,MIDDLE_0.5-2R,True,False,False,True,2024-08-26 01:15:00,44,True,True,True,31.04136421547019,0.6347084702189587,0.7444444444444445,0.3444444444444444,0.5444444444444445,HIGH,MID,MID,True,False,253,0.7322834645669292,0.30708661417322836,0.5196850393700787,False,True,True
2024,2024-08-26 07:00:00,100.0,100.0,BULL,12.32,12.07386169578281,0.2461383042171903,2.200000000000003,True,False,True,True,1.5438474771675128,0.9750615645268536,MIDDLE_0.5-2R,True,True,False,True,2024-08-26 18:00:00,43,True,True,True,16.49143655002791,0.4054439153702738,0.1333333333333333,0.1888888888888888,0.1611111111111111,LOW,LOW,LOW,True,False,254,0.14901960784313725,0.19215686274509805,0.17058823529411765,False,True,True
2024,2024-09-14 16:00:00,95.0,83.33333333333334,STRONG_BULL,11.38,11.250446278207008,0.1295537217929929,2.200000000000005,False,False,False,False,0.3087522260758593,0.7718805651896757,FALSE_<0.5R,False,False,False,True,2024-09-14 18:15:00,8,True,True,False,33.74193761280385,1.209527829626844,0.8444444444444444,0.5,0.6722222222222223,HIGH,MID,HIGH,False,True,255,0.8515625,0.6015625,0.7265625,True,False,False
2024,2024-09-14 19:00:00,100.0,66.66666666666666,BULL,11.32,11.243074468762298,0.0769255312377019,2.2000000000000046,False,False,False,False,0.519983409362466,0.9099709663843386,MIDDLE_0.5-2R,True,False,False,True,2024-09-15 08:15:00,52,True,False,False,29.73450935496492,1.0273307532392415,0.7111111111111111,0.4333333333333333,0.5722222222222222,HIGH,MID,MID,False,False,256,0.7120622568093385,0.5058365758754864,0.6089494163424125,False,True,True
2024,2024-09-20 02:00:00,100.0,66.66666666666666,STRONG_BULL,11.2,11.105636336595502,0.094363663404497,2.199999999999996,False,False,False,False,5.722541712748576,0.2119459893610535,RUNNER_>=2R,True,True,True,False,,144,True,True,False,34.98801004021362,1.4062483022734495,0.8666666666666667,0.6222222222222222,0.7444444444444445,HIGH,MID,HIGH,False,True,257,0.875968992248062,0.6821705426356589,0.7790697674418605,True,False,False
2024,2024-09-20 16:00:00,100.0,66.66666666666666,STRONG_BULL,11.53,11.41222144639626,0.1177785536037401,2.2,False,False,False,False,0.2547153032710402,0.8490510109034324,FALSE_<0.5R,False,False,False,True,2024-09-20 17:30:00,5,True,True,False,37.98818749941215,2.0825507265359366,0.9333333333333332,0.9333333333333332,0.9333333333333332,HIGH,HIGH,HIGH,False,True,258,0.918918918918919,0.8571428571428571,0.888030888030888,True,False,False
2024,2024-09-23 15:00:00,98.0,100.0,STRONG_BULL,11.49,11.265751311330968,0.2242486886690322,2.1999999999999966,True,False,True,False,0.5351201860408947,0.9364603255715755,MIDDLE_0.5-2R,True,False,False,True,2024-09-24 01:30:00,41,True,True,True,15.679500571656382,0.5717936737325013,0.1111111111111111,0.3,0.2055555555555555,LOW,LOW,LOW,True,False,259,0.13076923076923078,0.2846153846153846,0.20769230769230768,False,True,True
2024,2024-09-23 18:00:00,100.0,83.33333333333334,STRONG_BULL,11.44,11.301363844919328,0.1386361550806718,2.2000000000000024,False,False,False,False,0.5049187923544731,0.5770500484051103,MIDDLE_0.5-2R,True,False,False,True,2024-09-24 00:45:00,26,True,False,False,16.220653025709975,0.5355526375780517,0.1222222222222222,0.2666666666666666,0.1944444444444444,LOW,LOW,LOW,False,False,260,0.14559386973180077,0.2681992337164751,0.20689655172413793,False,True,False
2024,2024-09-26 07:00:00,100.0,83.33333333333334,BULL,12.26,12.044853850434066,0.2151461495659337,2.1999999999999966,True,False,True,True,2.8817620080623185,0.6507204534334283,RUNNER_>=2R,True,True,True,False,,144,True,True,True,23.43051136047153,0.5574402164431058,0.4111111111111111,0.2888888888888888,0.35,MID,LOW,MID,True,False,261,0.4541984732824427,0.2748091603053435,0.3645038167938931,False,True,True
2024,2024-09-27 04:00:00,95.0,83.33333333333334,STRONG_BULL,12.63,12.38914000342806,0.24085999657194,2.1999999999999984,False,False,False,False,1.037947370082811,0.6227684220496881,MIDDLE_0.5-2R,True,True,False,True,2024-09-28 09:15:00,116,True,True,False,21.130345915156223,1.5115375475760695,0.3333333333333333,0.7111111111111111,0.5222222222222223,LOW,HIGH,MID,False,True,262,0.3726235741444867,0.7376425855513308,0.5551330798479087,False,True,True
2024,2024-09-27 12:00:00,100.0,83.33333333333334,STRONG_BULL,12.72,12.540076633659709,0.1799233663402937,2.200000000000002,False,False,False,False,0.8892674879003097,0.8892674879003097,MIDDLE_0.5-2R,True,False,False,True,2024-09-28 08:15:00,80,True,False,False,24.645045391562498,1.3986302068091927,0.4888888888888889,0.6111111111111112,0.55,MID,MID,MID,False,False,263,0.5075757575757576,0.6742424242424242,0.5909090909090908,False,True,False
2024,2024-09-28 15:00:00,100.0,66.66666666666666,STRONG_BULL,12.86,12.583299470932833,0.2767005290671669,2.200000000000001,True,False,True,True,0.4336818596066794,0.9396440291477968,FALSE_<0.5R,False,False,False,True,2024-09-29 07:45:00,66,True,True,True,17.141801732646726,0.3452981229676632,0.1777777777777777,0.1777777777777777,0.1777777777777777,LOW,LOW,LOW,True,False,264,0.16226415094339622,0.17358490566037735,0.16792452830188678,False,True,True
2024,2024-10-07 17:00:00,100.0,100.0,STRONG_BULL,11.56,11.36704143524587,0.1929585647541305,2.199999999999998,False,False,False,False,0.0518245977458521,0.8810181616795056,FALSE_<0.5R,False,False,False,True,2024-10-07 18:30:00,5,True,True,False,27.92318595319509,0.7525704892347385,0.6333333333333333,0.4,0.5166666666666666,MID,MID,MID,False,True,265,0.6240601503759399,0.37593984962406013,0.5,False,True,True
2024,2024-10-13 01:00:00,100.0,66.66666666666666,STRONG_BULL,11.03,10.96382939930859,0.0661706006914091,2.200000000000005,False,False,False,False,0.0,0.0,FALSE_<0.5R,False,False,False,True,2024-10-13 01:15:00,0,True,True,False,23.781898281213216,0.7307014837508286,0.4444444444444444,0.3777777777777777,0.4111111111111111,MID,MID,MID,False,True,266,0.47191011235955055,0.36329588014981273,0.41760299625468167,False,True,True
2024,2024-10-15 13:00:00,100.0,100.0,STRONG_BULL,11.52,11.302781338569218,0.2172186614307811,2.200000000000004,False,False,False,False,0.8286580849654966,0.5524387233103284,MIDDLE_0.5-2R,True,False,False,True,2024-10-15 14:45:00,6,True,True,False,36.88846004250985,1.5616493266413125,0.8888888888888888,0.7222222222222222,0.8055555555555556,HIGH,HIGH,HIGH,False,True,267,0.8992537313432836,0.746268656716418,0.8227611940298507,True,False,False
2024,2024-10-15 14:00:00,100.0,100.0,STRONG_BULL,11.65,11.32798081538558,0.3220191846144207,2.199999999999998,True,False,True,True,0.1552702521741614,0.714243160001159,FALSE_<0.5R,False,False,False,True,2024-10-15 14:45:00,2,True,False,True,35.91187453351279,1.5980385904005745,0.8777777777777778,0.7888888888888889,0.8333333333333333,HIGH,HIGH,HIGH,False,False,268,0.8847583643122676,0.7695167286245354,0.8271375464684014,False,True,True
2024,2024-10-16 00:00:00,99.0,100.0,STRONG_BULL,11.45,11.212641100711092,0.2373588992889068,2.200000000000001,True,False,True,True,0.0842605862258313,0.8847361553711653,FALSE_<0.5R,False,False,False,True,2024-10-16 04:45:00,18,True,False,False,23.97432367157661,0.4408452020470355,0.4555555555555555,0.2111111111111111,0.3333333333333333,MID,LOW,LOW,False,False,269,0.4777777777777778,0.2074074074074074,0.3425925925925926,False,True,False
2024,2024-10-16 02:00:00,95.0,83.33333333333334,STRONG_BULL,11.38,11.216662560099111,0.1633374399008875,2.199999999999998,False,False,False,False,0.4285606535921843,0.8571213071843905,FALSE_<0.5R,False,False,False,True,2024-10-16 04:45:00,10,True,True,False,21.07812060454208,0.2442415874722936,0.3222222222222222,0.1555555555555555,0.2388888888888889,LOW,LOW,LOW,False,True,270,0.36531365313653136,0.12546125461254612,0.24538745387453875,False,True,True
2024,2024-10-18 19:00:00,100.0,66.66666666666666,STRONG_BULL,11.44,11.28719455955464,0.1528054404453609,2.2000000000000024,False,False,False,False,1.047083137443734,0.981640441353502,MIDDLE_0.5-2R,True,True,False,True,2024-10-20 03:30:00,129,True,True,False,27.332150298894952,0.8750140332281608,0.6111111111111112,0.4111111111111111,0.5111111111111111,MID,MID,MID,False,True,271,0.6029411764705882,0.4375,0.5202205882352942,False,True,True
2024,2024-10-20 10:00:00,100.0,83.33333333333334,STRONG_BULL,11.48,11.337743692092213,0.1422563079077878,2.199999999999995,True,False,True,True,3.936556545267553,0.0,RUNNER_>=2R,True,True,True,False,,144,True,True,True,12.751437994712292,0.1340119746875867,0.0555555555555555,0.1222222222222222,0.0888888888888888,LOW,LOW,LOW,True,False,272,0.054945054945054944,0.0989010989010989,0.07692307692307693,False,True,True
2024,2024-10-21 04:00:00,95.0,83.33333333333334,STRONG_BULL,11.89,11.797211164479087,0.0927888355209134,2.199999999999996,False,False,False,False,1.4010306225978948,0.862172690829481,MIDDLE_0.5-2R,True,True,False,True,2024-10-21 09:45:00,22,True,True,False,39.23772140203682,1.5113462002150246,0.9555555555555556,0.7,0.8277777777777777,HIGH,HIGH,HIGH,False,True,273,0.9379562043795621,0.7372262773722628,0.8375912408759124,True,False,False
2024,2024-10-21 10:00:00,100.0,83.33333333333334,STRONG_BULL,11.92,11.765264305106022,0.1547356948939775,2.2000000000000024,False,False,False,False,0.1938789884296244,0.9047686126716036,FALSE_<0.5R,False,False,False,True,2024-10-21 11:00:00,3,True,False,False,33.10705580602619,1.2580133462520182,0.8222222222222222,0.5333333333333333,0.6777777777777778,HIGH,MID,HIGH,False,False,274,0.8181818181818182,0.6145454545454545,0.7163636363636363,True,False,False
2024,2024-10-22 02:00:00,100.0,83.33333333333334,BULL,11.82,11.68163956556312,0.1383604344368798,2.2000000000000024,True,False,True,False,3.830574847188601,0.8672999654012008,RUNNER_>=2R,True,True,True,True,2024-10-23 07:00:00,115,True,True,True,17.994174915814824,0.1875099412954162,0.2333333333333333,0.1444444444444444,0.1888888888888888,LOW,LOW,LOW,True,False,275,0.1956521739130435,0.11231884057971014,0.15398550724637683,False,True,True
2024,2024-10-22 18:00:00,95.0,100.0,BULL,12.07,11.89622087212856,0.1737791278714411,2.200000000000002,False,False,False,False,0.4603544797346591,0.8056203395356559,FALSE_<0.5R,False,False,False,True,2024-10-23 00:30:00,25,True,True,False,19.38113861884124,1.2061622817976403,0.2777777777777778,0.4888888888888889,0.3833333333333333,LOW,MID,MID,False,True,276,0.2815884476534296,0.5956678700361011,0.43862815884476536,False,True,True
2024,2024-10-29 21:00:00,100.0,83.33333333333334,STRONG_BULL,11.57,11.393899834971789,0.1761001650282132,2.200000000000004,False,False,False,False,5.110727748925222,0.1135717277538913,RUNNER_>=2R,True,True,True,False,,144,True,True,False,34.7909574451258,1.348297191211345,0.8555555555555555,0.5888888888888889,0.7222222222222222,HIGH,MID,HIGH,False,True,277,0.8561151079136691,0.6438848920863309,0.75,True,False,False
2024,2024-11-07 13:00:00,95.0,83.33333333333334,STRONG_BULL,12.31,12.15769517290131,0.1523048270986908,2.2000000000000024,False,False,False,False,0.328289004048439,0.7878936097162771,FALSE_<0.5R,False,False,False,True,2024-11-07 14:00:00,3,True,True,False,37.39273466272371,3.181425241259084,0.9111111111111112,0.9777777777777776,0.9444444444444444,HIGH,HIGH,HIGH,False,True,278,0.9068100358422939,0.992831541218638,0.9498207885304659,True,False,False
2024,2024-11-09 14:00:00,100.0,66.66666666666666,STRONG_BULL,13.52,13.346099800794104,0.1739001992058959,2.199999999999998,False,False,False,False,0.287521234756041,0.7475552103656904,FALSE_<0.5R,False,False,False,True,2024-11-09 17:15:00,12,True,True,False,28.973076757945357,2.078545013874855,0.6666666666666666,0.9222222222222224,0.7944444444444445,MID,HIGH,HIGH,False,True,279,0.6678571428571428,0.8607142857142858,0.7642857142857142,True,False,False
2024,2024-11-09 18:00:00,100.0,66.66666666666666,STRONG_BULL,13.45,13.2885942162245,0.1614057837754998,2.2000000000000046,False,False,False,False,8.673790785262488,0.1858669453984779,RUNNER_>=2R,True,True,True,False,,144,True,False,False,24.183082520334032,1.7653362521369065,0.4666666666666667,0.8111111111111111,0.6388888888888888,MID,HIGH,MID,False,False,280,0.48398576512455516,0.8078291814946619,0.6459074733096085,False,True,True
2024,2024-11-09 19:00:00,95.0,66.66666666666666,STRONG_BULL,13.58,13.33977712921217,0.2402228707878304,2.200000000000003,False,False,False,False,5.286757234375441,0.4995361166338969,RUNNER_>=2R,True,True,True,False,,144,True,False,False,23.150468197872843,1.7296303372272614,0.3888888888888889,0.8,0.5944444444444444,MID,HIGH,MID,False,False,281,0.4326241134751773,0.7943262411347518,0.6134751773049646,False,True,False
2024,2024-11-09 23:00:00,100.0,66.66666666666666,STRONG_BULL,13.75,13.386472070015976,0.3635279299840235,2.199999999999998,True,False,True,True,3.025902301504985,0.3851148383733633,RUNNER_>=2R,True,True,True,False,,144,True,False,True,21.47466406975349,1.578443797390472,0.3555555555555555,0.7555555555555555,0.5555555555555556,MID,HIGH,MID,False,False,282,0.37809187279151946,0.7526501766784452,0.5653710247349824,False,True,False
2024,2024-11-11 03:00:00,95.0,66.66666666666666,STRONG_BULL,14.54,14.179634964715742,0.3603650352842571,2.199999999999998,False,False,False,False,0.0,0.8324892001893524,FALSE_<0.5R,False,False,False,True,2024-11-11 04:30:00,5,True,True,False,30.229918556919056,1.8478436762559447,0.7333333333333333,0.8333333333333334,0.7833333333333333,HIGH,HIGH,HIGH,False,True,283,0.7183098591549296,0.8274647887323944,0.772887323943662,True,False,False
2024,2024-11-16 17:00:00,100.0,83.33333333333334,STRONG_BULL,14.22,14.007825594784595,0.2121744052154035,2.1999999999999984,False,False,False,False,3.204910598475111,0.7540966114059096,RUNNER_>=2R,True,True,True,True,2024-11-17 02:15:00,36,True,True,False,27.60344737809706,1.8483021815404177,0.6222222222222222,0.8444444444444444,0.7333333333333334,MID,HIGH,HIGH,False,True,284,0.6070175438596491,0.8280701754385965,0.7175438596491228,True,False,False
2024,2024-11-17 07:00:00,100.0,66.66666666666666,STRONG_BULL,14.41,14.130575964747464,0.2794240352525374,2.199999999999999,False,False,False,False,0.5010306284979085,0.6083943346046004,MIDDLE_0.5-2R,True,False,False,True,2024-11-17 11:15:00,16,True,True,False,24.75495156199233,1.4790016963081687,0.5,0.6555555555555556,0.5777777777777777,MID,MID,MID,False,True,285,0.5104895104895105,0.6923076923076923,0.6013986013986015,False,True,True
2024,2024-11-18 13:00:00,100.0,66.66666666666666,BULL,14.52,14.208476992591892,0.3115230074081072,2.199999999999999,False,False,False,False,4.7508529540521,0.9309103761318274,RUNNER_>=2R,True,True,True,False,,144,True,True,False,23.2592183576335,1.2978198283782438,0.4,0.5777777777777777,0.4888888888888889,MID,MID,MID,False,True,286,0.4355400696864111,0.6132404181184669,0.524390243902439,False,True,True
2024,2024-11-18 15:00:00,100.0,100.0,BULL,14.63,14.198940916141414,0.431059083858587,2.2,False,False,False,False,3.1782186045972307,0.6959602783789577,RUNNER_>=2R,True,True,True,False,,144,True,False,False,22.106775724364457,1.296618432137575,0.3777777777777777,0.5666666666666667,0.4722222222222222,MID,MID,MID,False,False,287,0.4097222222222222,0.6111111111111112,0.5104166666666667,False,True,False
2024,2024-11-19 06:00:00,95.0,83.33333333333334,STRONG_BULL,15.05,14.76878141390826,0.2812185860917395,2.199999999999997,False,False,False,False,0.1066785820131131,0.9601072381180435,FALSE_<0.5R,False,False,False,True,2024-11-19 09:30:00,13,True,True,False,25.34004658707896,1.9221876852938191,0.5222222222222223,0.8666666666666667,0.6944444444444444,MID,HIGH,HIGH,False,True,288,0.5224913494809689,0.8442906574394463,0.6833910034602075,True,False,False
2024,2024-11-20 10:00:00,100.0,66.66666666666666,STRONG_BULL,14.85,14.578624428426222,0.2713755715737775,2.2,True,False,True,True,0.2947944044338967,0.2210958033254242,FALSE_<0.5R,False,False,False,True,2024-11-20 11:15:00,4,True,True,True,17.94167527211883,-0.4856518791745756,0.2111111111111111,0.0111111111111111,0.1111111111111111,LOW,LOW,LOW,True,False,289,0.18620689655172415,0.010344827586206896,0.09827586206896552,False,True,True
2024,2024-11-20 14:00:00,98.0,66.66666666666666,STRONG_BULL,15.11,14.605039725088622,0.5049602749113777,2.199999999999998,True,False,True,True,0.4158742983036766,0.7129273685205845,FALSE_<0.5R,False,False,False,True,2024-11-20 16:30:00,9,True,False,False,15.584086215913786,-0.1004788156675262,0.1,0.0888888888888888,0.0944444444444444,LOW,LOW,LOW,False,False,290,0.12027491408934708,0.048109965635738834,0.08419243986254296,False,True,False
2024,2024-11-22 21:00:00,95.0,66.66666666666666,STRONG_BULL,15.3,15.01494823699828,0.2850517630017215,2.199999999999997,False,False,False,False,10.840136428068114,0.1052440429909565,RUNNER_>=2R,True,True,True,False,,144,True,True,False,18.803534924548,1.2027519097198125,0.2555555555555555,0.4777777777777778,0.3666666666666667,LOW,MID,MID,False,True,291,0.2534246575342466,0.571917808219178,0.4126712328767123,False,True,True
2024,2024-11-24 07:00:00,95.0,100.0,STRONG_BULL,17.8,17.285762521562418,0.5142374784375825,2.2,False,False,False,False,0.13612387843197,0.9334208806763628,FALSE_<0.5R,False,False,False,True,2024-11-24 09:30:00,9,True,True,False,49.0733637192244,3.641676826054141,0.9777777777777776,0.9888888888888888,0.9833333333333334,HIGH,HIGH,HIGH,False,True,292,0.9863481228668942,1.0,0.9931740614334471,True,False,False
2024,2024-11-27 18:00:00,100.0,66.66666666666666,BULL,18.19,17.641534589497653,0.5484654105023488,2.200000000000001,False,False,False,False,1.4768479187376755,0.8934018273845249,MIDDLE_0.5-2R,True,True,False,True,2024-11-28 15:30:00,85,True,True,False,20.574644260995026,1.580101648899479,0.3111111111111111,0.7666666666666667,0.538888888888889,LOW,HIGH,MID,False,True,293,0.3401360544217687,0.7482993197278912,0.54421768707483,False,True,True
2024,2024-12-01 15:00:00,98.0,66.66666666666666,STRONG_BULL,18.8,18.541670919455168,0.2583290805448328,2.1999999999999944,True,False,True,False,0.8129166083705992,0.8516269230549194,MIDDLE_0.5-2R,True,False,False,True,2024-12-01 20:15:00,20,True,True,True,13.947708734262948,0.529983553501312,0.0666666666666666,0.2555555555555555,0.1611111111111111,LOW,LOW,LOW,True,False,294,0.0711864406779661,0.26101694915254237,0.16610169491525423,False,True,True
2024,2024-12-02 05:00:00,100.0,66.66666666666666,STRONG_BULL,19.25,18.707703097802245,0.5422969021977551,2.200000000000001,False,False,False,False,14.106663654166208,0.7560434115304769,RUNNER_>=2R,True,True,True,False,,144,True,True,False,17.077141465969223,0.8947564214028203,0.1555555555555555,0.4222222222222222,0.2888888888888888,LOW,MID,LOW,False,True,295,0.1554054054054054,0.4391891891891892,0.2972972972972973,False,True,True
2024,2024-12-04 14:00:00,100.0,83.33333333333334,STRONG_BULL,24.65,23.90710521486,0.7428947851400025,2.2,False,False,False,False,2.611406135573287,0.955720802194343,RUNNER_>=2R,True,True,True,True,2024-12-04 23:30:00,37,True,True,False,17.117610873198352,2.0571112222106613,0.1666666666666666,0.9111111111111112,0.5388888888888889,LOW,HIGH,MID,False,True,296,0.15824915824915825,0.8619528619528619,0.51010101010101,False,True,True
2024,2024-12-04 18:00:00,100.0,83.33333333333334,BULL,24.66,23.939073337508724,0.7209266624912765,2.200000000000002,False,False,False,False,0.8461332223336666,0.99871462308236,MIDDLE_0.5-2R,True,False,False,True,2024-12-04 23:30:00,21,True,False,False,17.95372531462678,2.4023161297534124,0.2222222222222222,0.9555555555555556,0.5888888888888889,LOW,HIGH,MID,False,False,297,0.19798657718120805,0.9261744966442953,0.5620805369127517,False,True,False
2024,2024-12-08 18:00:00,95.0,100.0,STRONG_BULL,25.98,25.523475256004968,0.4565247439950326,2.2,False,False,False,False,0.1533323240870421,0.9418985622489686,FALSE_<0.5R,False,False,False,True,2024-12-08 18:45:00,2,True,True,False,31.599064528544236,2.035985347835356,0.7666666666666667,0.8888888888888888,0.8277777777777777,HIGH,HIGH,HIGH,False,True,298,0.7591973244147158,0.842809364548495,0.8010033444816054,True,False,False
2024,2024-12-08 20:00:00,95.0,100.0,STRONG_BULL,25.94,25.42035183476739,0.5196481652326099,2.200000000000001,False,False,False,False,2.732618134741925,0.6735326388448443,RUNNER_>=2R,True,True,True,True,2024-12-09 08:45:00,50,True,False,False,28.935385669424395,2.0010314139316865,0.6555555555555556,0.8777777777777778,0.7666666666666666,MID,HIGH,HIGH,False,False,299,0.6733333333333333,0.84,0.7566666666666666,True,False,False
2024,2024-12-13 11:00:00,95.0,100.0,BULL,28.64,27.91365466844563,0.72634533155437,2.2,False,False,False,False,0.3441888990530208,0.6333075742575596,FALSE_<0.5R,False,False,False,True,2024-12-13 14:30:00,13,True,True,False,31.891874006233483,4.462621295995484,0.7888888888888889,1.0,0.8944444444444444,HIGH,HIGH,HIGH,False,True,300,0.7774086378737541,1.0,0.8887043189368771,True,False,False
2024,2024-12-25 10:00:00,95.0,83.33333333333334,BULL,25.04,24.51199751831734,0.528002481682659,2.2,False,False,False,False,1.0416617706932725,0.5113612328857868,MIDDLE_0.5-2R,True,True,False,True,2024-12-25 12:00:00,7,True,True,False,21.16743421362692,1.7772728749739786,0.3444444444444444,0.8222222222222222,0.5833333333333333,MID,HIGH,MID,False,True,301,0.3741721854304636,0.7947019867549668,0.5844370860927153,False,True,True
2025h1,2025-01-02 17:00:00,95.0,83.33333333333334,BULL,22.3,21.981914414340743,0.3180855856592544,2.2000000000000024,False,False,False,False,0.8802662321830089,0.9431423916246628,MIDDLE_0.5-2R,True,False,False,True,2025-01-02 21:15:00,16,True,True,False,53.42624045050501,2.7197879772906663,1.0,1.0,1.0,HIGH,HIGH,HIGH,False,True,302,1.0,0.9603960396039604,0.9801980198019802,True,False,False
2025h1,2025-01-06 02:00:00,100.0,100.0,STRONG_BULL,23.61,23.17707009594546,0.4329299040545393,2.200000000000004,False,False,False,False,2.702516017125508,0.6467559699103795,RUNNER_>=2R,True,True,True,True,2025-01-07 11:45:00,134,True,True,False,9.465052487216244,0.3980207526155466,0.0212765957446808,0.1914893617021276,0.1063829787234042,LOW,LOW,LOW,False,True,303,0.013157894736842105,0.18092105263157895,0.09703947368421054,False,True,True
2025h1,2025-01-06 15:00:00,100.0,100.0,STRONG_BULL,24.13,23.446193086902973,0.6838069130970261,2.199999999999999,True,False,True,True,0.9505607322044912,0.9798087547338544,MIDDLE_0.5-2R,True,False,False,True,2025-01-07 04:00:00,51,True,True,True,9.915993270830134,0.8486267509027368,0.0425531914893617,0.5957446808510638,0.3191489361702127,LOW,MID,LOW,True,False,304,0.01639344262295082,0.40327868852459015,0.2098360655737705,False,True,True
2025h1,2025-01-18 14:00:00,100.0,83.33333333333334,STRONG_BULL,24.75,23.97860807678924,0.7713919232107642,2.200000000000002,True,False,True,True,0.1166722094073696,0.9333776752589568,FALSE_<0.5R,False,False,False,True,2025-01-18 16:15:00,8,True,True,True,25.038031620993483,1.1521192903805932,0.574468085106383,0.7021276595744681,0.6382978723404256,MID,HIGH,MID,True,False,305,0.5261437908496732,0.5392156862745098,0.5326797385620915,False,True,True
2025h1,2025-01-19 23:00:00,100.0,100.0,BULL,24.76,24.02094747397957,0.7390525260204264,2.199999999999999,False,False,False,False,0.0270616759916829,0.7847886037588233,FALSE_<0.5R,False,False,False,True,2025-01-19 23:30:00,1,True,True,False,26.59051275755108,2.2514768239723537,0.7021276595744681,0.9787234042553192,0.8404255319148937,HIGH,HIGH,HIGH,False,True,306,0.5765472312703583,0.8957654723127035,0.7361563517915309,True,False,False
2025h1,2025-01-24 04:00:00,100.0,83.33333333333334,BULL,25.23,24.73641250941724,0.4935874905827617,2.200000000000001,False,False,False,False,2.451439761107794,0.8509129749299809,RUNNER_>=2R,True,True,True,True,2025-01-25 09:00:00,115,True,True,False,23.363200492410016,0.2331116104496766,0.4468085106382978,0.1276595744680851,0.2872340425531914,MID,LOW,LOW,False,True,307,0.4512987012987013,0.11688311688311688,0.2840909090909091,False,True,True
2025h1,2025-01-24 05:00:00,95.0,83.33333333333334,BULL,25.46,24.96695447303029,0.4930455269697056,2.1999999999999984,False,False,False,False,1.987646061861981,0.993823030930994,MIDDLE_0.5-2R,True,True,False,True,2025-01-25 00:30:00,77,True,False,False,22.235261507414688,0.1864008006194906,0.4042553191489361,0.1063829787234042,0.2553191489361702,MID,LOW,LOW,False,False,308,0.42394822006472493,0.10679611650485436,0.26537216828478966,False,True,False
2025h1,2025-01-24 16:00:00,100.0,66.66666666666666,STRONG_BULL,26.14,25.70228327299362,0.4377167270063822,2.1999999999999984,False,False,False,False,0.2741499069973885,0.9366788489077368,FALSE_<0.5R,False,False,False,True,2025-01-24 20:00:00,15,True,True,False,24.05671390501512,1.345371374576665,0.4680851063829787,0.7872340425531915,0.6276595744680851,MID,HIGH,MID,False,True,309,0.4870967741935484,0.6161290322580645,0.5516129032258065,False,True,True
2025h1,2025-01-26 17:00:00,100.0,100.0,BULL,25.69,25.255226604531423,0.4347733954685786,2.1999999999999984,False,False,False,False,1.6100341173028117,0.4140087730207228,MIDDLE_0.5-2R,True,True,False,True,2025-01-26 23:30:00,25,True,True,False,13.354832912608732,0.2671792166694553,0.0851063829787234,0.1489361702127659,0.1170212765957446,LOW,LOW,LOW,False,True,310,0.06430868167202572,0.1414790996784566,0.10289389067524116,False,True,True
2025h1,2025-02-14 22:00:00,100.0,83.33333333333334,BULL,19.52,19.047668754050413,0.4723312459495865,2.2,False,False,False,False,0.3175737393752945,0.8468633050007703,FALSE_<0.5R,False,False,False,True,2025-02-15 11:30:00,53,True,True,False,32.38106244048203,1.3788869376271773,0.851063829787234,0.8085106382978723,0.8297872340425532,HIGH,HIGH,HIGH,False,True,311,0.8044871794871795,0.6410256410256411,0.7227564102564104,True,False,False
2025h1,2025-03-20 09:00:00,95.0,66.66666666666666,BULL,14.81,14.53925062083605,0.2707493791639503,2.2,False,False,False,False,0.0,0.7756250472243441,FALSE_<0.5R,False,False,False,True,2025-03-20 10:15:00,4,True,True,False,37.61948347501087,1.894172289159246,0.9148936170212766,0.9361702127659576,0.925531914893617,HIGH,HIGH,HIGH,False,True,312,0.9169329073482428,0.8210862619808307,0.8690095846645367,True,False,False
2025h1,2025-03-20 15:00:00,100.0,83.33333333333334,BULL,14.71,14.476878568257716,0.2331214317422851,2.200000000000001,False,False,False,False,0.1715843957419539,0.8579219787097923,FALSE_<0.5R,False,False,False,True,2025-03-20 15:30:00,1,True,False,False,30.55077275366396,1.063964831303288,0.8085106382978723,0.6808510638297872,0.7446808510638298,HIGH,HIGH,HIGH,False,False,313,0.7261146496815286,0.49363057324840764,0.6098726114649682,False,True,True
2025h1,2025-03-25 00:00:00,95.0,66.66666666666666,STRONG_BULL,15.13,14.974649822405242,0.1553501775947587,2.199999999999996,False,False,False,False,0.7724484249578856,0.9655605311973656,MIDDLE_0.5-2R,True,False,False,True,2025-03-25 03:30:00,13,True,True,False,34.683169257856655,1.5801945536266349,0.8936170212765957,0.8723404255319149,0.8829787234042553,HIGH,HIGH,HIGH,False,True,314,0.8539682539682539,0.7365079365079366,0.7952380952380953,True,False,False
2025h1,2025-03-25 01:00:00,99.0,66.66666666666666,STRONG_BULL,15.25,14.954800757004255,0.2951992429957428,2.2,True,False,True,False,0.0,0.9146364918147616,FALSE_<0.5R,False,False,False,True,2025-03-25 03:30:00,9,True,False,True,34.233757946166094,1.5481223210763284,0.8723404255319149,0.851063829787234,0.8617021276595744,HIGH,HIGH,HIGH,False,False,315,0.8512658227848101,0.7120253164556962,0.7816455696202531,False,True,True
2025h1,2025-03-26 00:00:00,95.0,83.33333333333334,BULL,15.44,15.285853518464696,0.154146481535303,2.2000000000000046,False,False,False,False,1.1677204578865177,0.9731003815721015,MIDDLE_0.5-2R,True,True,False,True,2025-03-26 03:30:00,13,True,True,False,37.97211647293682,1.230016466090622,0.9361702127659576,0.7446808510638298,0.8404255319148937,HIGH,HIGH,HIGH,False,True,316,0.9211356466876972,0.5678233438485805,0.7444794952681388,True,False,False
2025h1,2025-04-19 14:00:00,100.0,83.33333333333334,BULL,12.77,12.689457262023794,0.0805427379762058,2.2,False,False,False,False,10.801718713076518,0.8691038045004119,RUNNER_>=2R,True,True,True,False,,144,True,True,False,18.537495352400608,0.7310021798659028,0.2553191489361702,0.4468085106382978,0.351063829787234,LOW,MID,MID,False,True,317,0.24528301886792453,0.34276729559748426,0.2940251572327044,False,True,True
2025h1,2025-04-19 18:00:00,100.0,83.33333333333334,BULL,12.91,12.690329341470331,0.2196706585296688,2.1999999999999984,True,False,True,False,3.414201992291586,0.1820907729222221,RUNNER_>=2R,True,True,True,False,,144,True,False,True,18.20751047454948,0.6557007801274661,0.2340425531914893,0.3404255319148936,0.2872340425531915,LOW,MID,LOW,False,False,318,0.21003134796238246,0.3103448275862069,0.2601880877742947,False,True,False
2025h1,2025-04-24 15:00:00,100.0,83.33333333333334,STRONG_BULL,14.86,14.458160106062286,0.4018398939377139,2.2,True,False,True,True,1.2442766573034711,0.3732829971910378,MIDDLE_0.5-2R,True,True,False,False,,144,True,True,True,29.27615157219677,0.303970920137564,0.7446808510638298,0.1702127659574468,0.4574468085106383,HIGH,LOW,MID,True,False,319,0.69375,0.15,0.421875,False,True,True
2025h1,2025-04-25 12:00:00,100.0,83.33333333333334,STRONG_BULL,15.16,14.886649684310704,0.2733503156892976,2.199999999999999,False,False,False,False,0.4024140221774261,0.8414111372800788,FALSE_<0.5R,False,False,False,True,2025-04-25 13:30:00,5,True,True,False,20.02097116674504,1.2734152020187572,0.2978723404255319,0.7659574468085106,0.5319148936170213,LOW,HIGH,MID,False,True,320,0.3115264797507788,0.5919003115264797,0.4517133956386292,False,True,True
2025h1,2025-04-26 02:00:00,100.0,66.66666666666666,STRONG_BULL,15.21,14.900972440893437,0.3090275591065641,2.199999999999997,True,False,True,False,0.1617978672988097,0.9060680568733576,FALSE_<0.5R,False,False,False,True,2025-04-26 09:45:00,30,True,True,True,17.886646294571463,0.7364205781809297,0.1914893617021276,0.4680851063829787,0.3297872340425531,LOW,MID,LOW,True,False,321,0.18944099378881987,0.35093167701863354,0.2701863354037267,False,True,True
2025h1,2025-04-27 01:00:00,100.0,66.66666666666666,STRONG_BULL,15.06,14.863667902832416,0.1963320971675859,2.1999999999999984,True,False,True,True,0.2037364270899413,0.2546705338624357,FALSE_<0.5R,False,False,False,True,2025-04-27 01:30:00,1,True,True,True,13.638763354920862,-0.1236531116441175,0.1063829787234042,0.0212765957446808,0.0638297872340425,LOW,LOW,LOW,True,False,322,0.06811145510835913,0.04024767801857585,0.05417956656346749,False,True,True
2025h1,2025-04-29 07:00:00,100.0,100.0,STRONG_BULL,15.18,14.810715045036948,0.369284954963053,2.199999999999998,False,False,False,False,0.135396796777175,0.9748569367956446,FALSE_<0.5R,False,False,False,True,2025-04-29 17:15:00,40,True,True,False,12.91565663515392,0.6558910432162168,0.0638297872340425,0.3617021276595745,0.2127659574468085,LOW,MID,LOW,False,True,323,0.05555555555555555,0.3148148148148148,0.18518518518518517,False,True,True
2025h1,2025-05-01 15:00:00,100.0,66.66666666666666,STRONG_BULL,14.93,14.667138095397004,0.2628619046029961,2.200000000000001,False,False,False,False,0.4184706801319648,0.9891125166755576,FALSE_<0.5R,False,False,False,True,2025-05-02 07:15:00,64,True,True,False,26.95990916046561,0.6505550504795288,0.723404255319149,0.3191489361702128,0.5212765957446809,HIGH,LOW,MID,False,True,324,0.5969230769230769,0.31076923076923074,0.4538461538461538,False,True,True
2025h1,2025-05-10 13:00:00,100.0,66.66666666666666,STRONG_BULL,16.33,15.98017055760843,0.3498294423915684,2.200000000000003,False,False,False,False,3.258730860977632,0.1429267921481335,RUNNER_>=2R,True,True,True,False,,144,True,True,False,41.5125689207593,1.7499055308818343,0.9574468085106383,0.9148936170212766,0.9361702127659576,HIGH,HIGH,HIGH,False,True,325,0.950920245398773,0.7852760736196319,0.8680981595092024,True,False,False
2025h1,2025-05-11 18:00:00,99.0,83.33333333333334,STRONG_BULL,16.89,16.508557870175917,0.3814421298240837,2.199999999999996,True,False,True,True,2.857576326198404,0.6816237108363207,RUNNER_>=2R,True,True,True,True,2025-05-12 18:15:00,96,True,True,True,21.815959372809903,0.7109841398450278,0.3404255319148936,0.425531914893617,0.3829787234042553,MID,MID,MID,True,False,326,0.39755351681957185,0.3363914373088685,0.3669724770642202,False,True,True
2025h1,2025-05-12 07:00:00,100.0,100.0,STRONG_BULL,17.31,16.80405079309856,0.5059492069014375,2.199999999999997,True,False,True,False,1.3242436016517414,0.909182174268352,MIDDLE_0.5-2R,True,True,False,True,2025-05-12 15:15:00,32,True,True,True,19.732632955675843,1.4579294750315386,0.2765957446808511,0.8297872340425532,0.5531914893617021,LOW,HIGH,MID,True,False,327,0.29878048780487804,0.6798780487804879,0.489329268292683,False,True,True
2025h1,2025-05-12 13:00:00,100.0,66.66666666666666,STRONG_BULL,17.37,16.955513103537303,0.414486896462698,2.2,False,False,False,False,0.5307767311283336,0.3860194408206085,MIDDLE_0.5-2R,True,False,False,True,2025-05-12 14:30:00,5,True,False,False,25.234755753782025,1.5824165620633934,0.6382978723404256,0.8936170212765957,0.7659574468085106,MID,HIGH,HIGH,False,False,328,0.5288753799392097,0.7446808510638298,0.6367781155015197,False,True,False
2025h1,2025-05-20 09:00:00,95.0,83.33333333333334,STRONG_BULL,15.98,15.762147715089606,0.2178522849103945,2.199999999999996,False,False,False,False,0.2754159775036442,0.780345269593675,FALSE_<0.5R,False,False,False,True,2025-05-20 10:15:00,4,True,True,False,20.948246402574945,1.1949947654223525,0.3191489361702128,0.723404255319149,0.5212765957446809,LOW,HIGH,MID,False,True,329,0.3606060606060606,0.5515151515151515,0.45606060606060606,False,True,True
2025h1,2025-05-27 23:00:00,100.0,83.33333333333334,STRONG_BULL,15.91,15.759371482513572,0.1506285174864281,2.200000000000009,False,False,False,False,0.5311079291954672,0.8630503849426386,MIDDLE_0.5-2R,True,False,False,True,2025-05-28 02:30:00,13,True,True,False,25.93596973161233,0.8274403992851287,0.6808510638297872,0.574468085106383,0.6276595744680851,HIGH,MID,MID,False,True,330,0.5649546827794562,0.38972809667673713,0.47734138972809664,False,True,True
2025h1,2025-05-28 00:00:00,100.0,83.33333333333334,STRONG_BULL,15.91,15.750964835911097,0.1590351640889036,2.2000000000000024,False,False,False,False,0.5030334043311238,0.8174292820380804,MIDDLE_0.5-2R,True,False,False,True,2025-05-28 02:30:00,9,True,False,False,25.13141903443348,0.7842400987404519,0.6170212765957447,0.5531914893617021,0.5851063829787234,MID,MID,MID,False,False,331,0.5271084337349398,0.37349397590361444,0.4503012048192771,False,True,False
2025h1,2025-05-28 01:00:00,95.0,83.33333333333334,STRONG_BULL,15.97,15.760941425664155,0.2090585743358435,2.199999999999993,False,False,False,False,0.0956669682816761,0.9088361986759488,FALSE_<0.5R,False,False,False,True,2025-05-28 02:30:00,5,True,False,False,24.679736883886697,0.7654521964349348,0.5106382978723404,0.5319148936170213,0.5212765957446808,MID,MID,MID,False,False,332,0.5135135135135135,0.37237237237237236,0.4429429429429429,False,True,False
2025h1,2025-05-28 11:00:00,100.0,83.33333333333334,BULL,15.93,15.774783286544574,0.1552167134554256,2.199999999999997,False,False,False,False,1.095242878266595,0.901964723278367,MIDDLE_0.5-2R,True,True,False,True,2025-05-28 14:15:00,12,True,True,False,18.15567700842316,0.448370182752611,0.2127659574468085,0.2553191489361702,0.2340425531914893,LOW,LOW,LOW,False,True,333,0.20958083832335328,0.20658682634730538,0.20808383233532934,False,True,True
2025h1,2025-05-28 12:00:00,100.0,100.0,BULL,15.98,15.7903828274711,0.1896171725289015,2.200000000000008,False,False,False,False,0.6328540732865877,0.5273783944054835,MIDDLE_0.5-2R,True,False,False,True,2025-05-28 14:00:00,7,True,False,False,17.54316006319847,0.4480372687431844,0.1489361702127659,0.2340425531914893,0.1914893617021276,LOW,LOW,LOW,False,False,334,0.1791044776119403,0.20597014925373133,0.1925373134328358,False,True,False
2025h1,2025-06-11 11:00:00,100.0,100.0,STRONG_BULL,15.49,15.08939785166212,0.4006021483378816,2.199999999999997,True,False,True,True,0.0499248445945199,0.898647202701377,FALSE_<0.5R,False,False,False,True,2025-06-11 11:30:00,1,True,True,True,44.76974130840753,2.027186812281201,0.9787234042553192,0.9574468085106383,0.9680851063829788,HIGH,HIGH,HIGH,True,False,335,0.9732142857142857,0.8482142857142857,0.9107142857142857,False,True,True
2025h1,2025-06-29 05:00:00,95.0,83.33333333333334,STRONG_BULL,13.3,13.218448419633871,0.0815515803661277,2.199999999999996,False,False,False,False,7.1120632781863495,0.735730683950318,RUNNER_>=2R,True,True,True,True,2025-06-30 07:00:00,103,True,True,False,25.03918415321689,0.7510416419877597,0.5957446808510638,0.4893617021276595,0.5425531914893617,MID,MID,MID,False,True,336,0.5281899109792285,0.3620178041543027,0.4451038575667656,False,True,True
2025h1,2025-06-29 06:00:00,95.0,83.33333333333334,STRONG_BULL,13.31,13.231059246802882,0.0789407531971182,2.199999999999996,False,False,False,False,7.220605034977147,0.8867409692077229,RUNNER_>=2R,True,True,True,True,2025-06-30 07:00:00,99,True,False,False,24.41167903668521,0.7030241007679683,0.4893617021276595,0.4042553191489361,0.4468085106382978,MID,MID,MID,False,False,337,0.5029585798816568,0.33136094674556216,0.4171597633136095,False,True,False
2025h1,2025-06-29 07:00:00,95.0,83.33333333333334,STRONG_BULL,13.37,13.242567781086308,0.1274322189136914,2.1999999999999944,False,False,False,False,0.8632039914058403,0.9416770815336274,MIDDLE_0.5-2R,True,False,False,True,2025-06-29 17:00:00,39,True,False,False,24.804042464816,0.683945169422695,0.5319148936170213,0.3829787234042553,0.4574468085106383,MID,MID,MID,False,False,338,0.5221238938053098,0.3274336283185841,0.4247787610619469,False,True,False
2025h1,2025-06-29 23:00:00,99.0,83.33333333333334,STRONG_BULL,13.78,13.535827540627878,0.2441724593721215,2.200000000000003,True,False,True,True,0.4095465977495862,0.9419571748240292,FALSE_<0.5R,False,False,False,True,2025-06-30 02:30:00,13,True,True,True,22.144449240839663,0.4716112509121295,0.3829787234042553,0.2765957446808511,0.3297872340425531,MID,LOW,LOW,True,False,339,0.4176470588235294,0.21764705882352942,0.3176470588235294,False,True,True
2025h1,2025-07-07 14:00:00,100.0,83.33333333333334,STRONG_BULL,13.68,13.455357651546596,0.2246423484534041,2.200000000000004,False,False,False,False,0.0445152041404784,0.9793344910905424,FALSE_<0.5R,False,False,False,True,2025-07-07 16:30:00,9,True,True,False,31.50373921581973,0.7625875345637523,0.8297872340425532,0.5106382978723404,0.6702127659574468,HIGH,MID,HIGH,False,True,340,0.7595307917888563,0.3782991202346041,0.5689149560117301,False,True,True
2025h1,2025-07-15 21:00:00,95.0,83.33333333333334,BULL,15.69,15.431195109360628,0.2588048906393716,2.200000000000004,False,False,False,False,5.3322021720329245,0.1545565846966031,RUNNER_>=2R,True,True,True,False,,144,True,True,False,25.361347979621947,-0.1010516937330119,0.6595744680851063,0.0425531914893617,0.351063829787234,MID,LOW,MID,False,True,341,0.543859649122807,0.043859649122807015,0.29385964912280704,False,True,True
2025h1,2025-07-15 22:00:00,95.0,83.33333333333334,BULL,15.9,15.576186220042018,0.3238137799579821,2.2,False,False,False,False,4.230826743005717,0.4323472584093453,RUNNER_>=2R,True,True,True,False,,144,True,False,False,24.89588812778,0.0307000723188011,0.5531914893617021,0.0851063829787234,0.3191489361702128,MID,LOW,LOW,False,False,342,0.521865889212828,0.0641399416909621,0.29300291545189505,False,True,False
2025h1,2025-07-16 05:00:00,95.0,83.33333333333334,STRONG_BULL,15.96,15.710872575338122,0.2491274246618786,2.200000000000005,False,False,False,False,5.459053742661299,0.0,RUNNER_>=2R,True,True,True,False,,144,True,False,False,23.222439768236747,0.853955429911557,0.425531914893617,0.6170212765957447,0.5212765957446809,MID,MID,MID,False,False,343,0.436046511627907,0.4273255813953488,0.4316860465116279,False,True,False
2025h1,2025-07-22 21:00:00,95.0,66.66666666666666,STRONG_BULL,19.42,19.08619741406881,0.3338025859311955,2.2,False,False,False,False,1.0185661056265207,0.8388191458100797,MIDDLE_0.5-2R,True,True,False,True,2025-07-23 08:00:00,43,True,True,False,21.96902536982981,-0.0393221729318549,0.3617021276595745,0.0638297872340425,0.2127659574468085,MID,LOW,LOW,False,True,344,0.39420289855072466,0.05217391304347826,0.22318840579710145,False,True,True
2025h1,2025-07-26 19:00:00,100.0,83.33333333333334,STRONG_BULL,18.44,18.162915799016893,0.2770842009831078,2.199999999999997,True,False,True,False,4.042092605880034,0.396991238077515,RUNNER_>=2R,True,True,True,False,,144,True,True,True,15.178400772275635,0.4203648210894251,0.1276595744680851,0.2127659574468085,0.1702127659574468,LOW,LOW,LOW,True,False,345,0.11271676300578035,0.1994219653179191,0.15606936416184972,False,True,True
2025h1,2025-07-27 01:00:00,95.0,83.33333333333334,STRONG_BULL,18.5,18.231817588062228,0.2681824119377722,2.199999999999995,False,False,False,False,3.9525336219511513,0.2237283182236455,RUNNER_>=2R,True,True,True,False,,144,True,False,False,17.820726626903422,0.5076804130309975,0.1702127659574468,0.2978723404255319,0.2340425531914893,LOW,LOW,LOW,False,False,346,0.1844380403458213,0.2507204610951009,0.21757925072046108,False,True,False
2025h1,2025-07-27 11:00:00,100.0,100.0,STRONG_BULL,18.94,18.507619539792632,0.4323804602073693,2.1999999999999966,False,False,False,False,1.4339223370608514,0.6707056092704072,MIDDLE_0.5-2R,True,True,False,True,2025-07-28 14:30:00,109,True,True,False,30.165985858078397,0.9881643074400204,0.7659574468085106,0.6382978723404256,0.7021276595744681,HIGH,MID,HIGH,False,True,347,0.7298850574712644,0.47988505747126436,0.6048850574712644,False,True,True
2025h1,2025-07-27 16:00:00,100.0,100.0,STRONG_BULL,18.85,18.546256426541863,0.3037435734581351,2.2,False,False,False,False,2.337498014909792,0.5267601160360119,RUNNER_>=2R,True,True,True,True,2025-07-28 14:30:00,89,True,False,False,30.369589969956955,1.010316688207502,0.7872340425531915,0.6595744680851063,0.7234042553191489,HIGH,MID,HIGH,False,False,348,0.7335243553008596,0.49570200573065903,0.6146131805157593,False,True,False
